experiment_id,created_at,stage,dataset_name,period_label,document_count,config_name,parameters_json,metrics_json,artifacts_json,notes
tfidf-items-notas-fiscais-filtros-combinados-202501-202504-char_wb_3_5_min_df_2-20260907T203705Z,2026-09-07T20:37:05Z,tfidf,items-notas-fiscais-filtros-combinados,202501-202504,27800,char_wb_3_5_min_df_2,"{""analyzer"": ""char_wb"", ""max_df"": 0.95, ""max_features"": 30000, ""min_df"": 2, ""ngram_range"": ""(3, 5)"", ""norm"": ""l2"", ""sublinear_tf"": true}","{""density"": 0.0019365695443645083, ""feature_count"": 30000, ""non_zero_values"": 1615099, ""sparsity"": 0.9980634304556355}","{""summary_csv"": ""C:\\Users\\samue\\Scripts\\Nofis-Classifier\\reports\\tfidf\\tfidf_experiments_summary.csv"", ""vocabulary_samples_csv"": ""C:\\Users\\samue\\Scripts\\Nofis-Classifier\\reports\\tfidf\\tfidf_vocabulary_samples.csv""}",First TF-IDF comparison for filtered market dataset.
tfidf-items-notas-fiscais-filtros-combinados-202501-202504-char_wb_3_5_min_df_2-20260907T205516Z,2026-09-07T20:55:16Z,tfidf,items-notas-fiscais-filtros-combinados,202501-202504,27800,char_wb_3_5_min_df_2,"{""analyzer"": ""char_wb"", ""max_df"": 0.95, ""max_features"": 30000, ""min_df"": 2, ""ngram_range"": ""(3, 5)"", ""norm"": ""l2"", ""sublinear_tf"": true}","{""density"": 0.0019365695443645083, ""feature_count"": 30000, ""non_zero_values"": 1615099, ""sparsity"": 0.9980634304556355}","{""summary_csv"": ""C:\\Users\\samue\\Scripts\\Nofis-Classifier\\reports\\tfidf\\tfidf_experiments_summary.csv"", ""vocabulary_samples_csv"": ""C:\\Users\\samue\\Scripts\\Nofis-Classifier\\reports\\tfidf\\tfidf_vocabulary_samples.csv""}",First TF-IDF comparison for filtered market dataset.
tfidf-items-notas-fiscais-filtros-combinados-202501-202504-char_wb_3_5_min_df_5-20260907T203705Z,2026-09-07T20:37:05Z,tfidf,items-notas-fiscais-filtros-combinados,202501-202504,27800,char_wb_3_5_min_df_5,"{""analyzer"": ""char_wb"", ""max_df"": 0.95, ""max_features"": 30000, ""min_df"": 5, ""ngram_range"": ""(3, 5)"", ""norm"": ""l2"", ""sublinear_tf"": true}","{""density"": 0.0024369260281569276, ""feature_count"": 23507, ""non_zero_values"": 1592518, ""sparsity"": 0.9975630739718431}","{""summary_csv"": ""C:\\Users\\samue\\Scripts\\Nofis-Classifier\\reports\\tfidf\\tfidf_experiments_summary.csv"", ""vocabulary_samples_csv"": ""C:\\Users\\samue\\Scripts\\Nofis-Classifier\\reports\\tfidf\\tfidf_vocabulary_samples.csv""}",First TF-IDF comparison for filtered market dataset.
tfidf-items-notas-fiscais-filtros-combinados-202501-202504-char_wb_3_5_min_df_5-20260907T205516Z,2026-09-07T20:55:16Z,tfidf,items-notas-fiscais-filtros-combinados,202501-202504,27800,char_wb_3_5_min_df_5,"{""analyzer"": ""char_wb"", ""max_df"": 0.95, ""max_features"": 30000, ""min_df"": 5, ""ngram_range"": ""(3, 5)"", ""norm"": ""l2"", ""sublinear_tf"": true}","{""density"": 0.0024369260281569276, ""feature_count"": 23507, ""non_zero_values"": 1592518, ""sparsity"": 0.9975630739718431}","{""summary_csv"": ""C:\\Users\\samue\\Scripts\\Nofis-Classifier\\reports\\tfidf\\tfidf_experiments_summary.csv"", ""vocabulary_samples_csv"": ""C:\\Users\\samue\\Scripts\\Nofis-Classifier\\reports\\tfidf\\tfidf_vocabulary_samples.csv""}",First TF-IDF comparison for filtered market dataset.
tfidf-items-notas-fiscais-filtros-combinados-202501-202504-word_unigram_bigram_min_df_2-20260907T203705Z,2026-09-07T20:37:05Z,tfidf,items-notas-fiscais-filtros-combinados,202501-202504,27800,word_unigram_bigram_min_df_2,"{""analyzer"": ""word"", ""max_df"": 0.95, ""max_features"": 10000, ""min_df"": 2, ""ngram_range"": ""(1, 2)"", ""norm"": ""l2"", ""sublinear_tf"": true}","{""density"": 0.0006252877697841727, ""feature_count"": 10000, ""non_zero_values"": 173830, ""sparsity"": 0.9993747122302158}","{""summary_csv"": ""C:\\Users\\samue\\Scripts\\Nofis-Classifier\\reports\\tfidf\\tfidf_experiments_summary.csv"", ""vocabulary_samples_csv"": ""C:\\Users\\samue\\Scripts\\Nofis-Classifier\\reports\\tfidf\\tfidf_vocabulary_samples.csv""}",First TF-IDF comparison for filtered market dataset.
tfidf-items-notas-fiscais-filtros-combinados-202501-202504-word_unigram_bigram_min_df_2-20260907T205516Z,2026-09-07T20:55:16Z,tfidf,items-notas-fiscais-filtros-combinados,202501-202504,27800,word_unigram_bigram_min_df_2,"{""analyzer"": ""word"", ""max_df"": 0.95, ""max_features"": 10000, ""min_df"": 2, ""ngram_range"": ""(1, 2)"", ""norm"": ""l2"", ""sublinear_tf"": true}","{""density"": 0.0006252877697841727, ""feature_count"": 10000, ""non_zero_values"": 173830, ""sparsity"": 0.9993747122302158}","{""summary_csv"": ""C:\\Users\\samue\\Scripts\\Nofis-Classifier\\reports\\tfidf\\tfidf_experiments_summary.csv"", ""vocabulary_samples_csv"": ""C:\\Users\\samue\\Scripts\\Nofis-Classifier\\reports\\tfidf\\tfidf_vocabulary_samples.csv""}",First TF-IDF comparison for filtered market dataset.
tfidf-items-notas-fiscais-filtros-combinados-202501-202504-word_unigram_bigram_min_df_5-20260907T203705Z,2026-09-07T20:37:05Z,tfidf,items-notas-fiscais-filtros-combinados,202501-202504,27800,word_unigram_bigram_min_df_5,"{""analyzer"": ""word"", ""max_df"": 0.95, ""max_features"": 10000, ""min_df"": 5, ""ngram_range"": ""(1, 2)"", ""norm"": ""l2"", ""sublinear_tf"": true}","{""density"": 0.0008972064889439508, ""feature_count"": 6469, ""non_zero_values"": 161352, ""sparsity"": 0.999102793511056}","{""summary_csv"": ""C:\\Users\\samue\\Scripts\\Nofis-Classifier\\reports\\tfidf\\tfidf_experiments_summary.csv"", ""vocabulary_samples_csv"": ""C:\\Users\\samue\\Scripts\\Nofis-Classifier\\reports\\tfidf\\tfidf_vocabulary_samples.csv""}",First TF-IDF comparison for filtered market dataset.
tfidf-items-notas-fiscais-filtros-combinados-202501-202504-word_unigram_bigram_min_df_5-20260907T205516Z,2026-09-07T20:55:16Z,tfidf,items-notas-fiscais-filtros-combinados,202501-202504,27800,word_unigram_bigram_min_df_5,"{""analyzer"": ""word"", ""max_df"": 0.95, ""max_features"": 10000, ""min_df"": 5, ""ngram_range"": ""(1, 2)"", ""norm"": ""l2"", ""sublinear_tf"": true}","{""density"": 0.0008972064889439508, ""feature_count"": 6469, ""non_zero_values"": 161352, ""sparsity"": 0.999102793511056}","{""summary_csv"": ""C:\\Users\\samue\\Scripts\\Nofis-Classifier\\reports\\tfidf\\tfidf_experiments_summary.csv"", ""vocabulary_samples_csv"": ""C:\\Users\\samue\\Scripts\\Nofis-Classifier\\reports\\tfidf\\tfidf_vocabulary_samples.csv""}",First TF-IDF comparison for filtered market dataset.
tfidf-items-notas-fiscais-filtros-combinados-202501-202504-word_unigram_min_df_2-20260907T203705Z,2026-09-07T20:37:05Z,tfidf,items-notas-fiscais-filtros-combinados,202501-202504,27800,word_unigram_min_df_2,"{""analyzer"": ""word"", ""max_df"": 0.95, ""max_features"": 10000, ""min_df"": 2, ""ngram_range"": ""(1, 1)"", ""norm"": ""l2"", ""sublinear_tf"": true}","{""density"": 0.0006945150889474161, ""feature_count"": 6676, ""non_zero_values"": 128897, ""sparsity"": 0.9993054849110525}","{""summary_csv"": ""C:\\Users\\samue\\Scripts\\Nofis-Classifier\\reports\\tfidf\\tfidf_experiments_summary.csv"", ""vocabulary_samples_csv"": ""C:\\Users\\samue\\Scripts\\Nofis-Classifier\\reports\\tfidf\\tfidf_vocabulary_samples.csv""}",First TF-IDF comparison for filtered market dataset.
tfidf-items-notas-fiscais-filtros-combinados-202501-202504-word_unigram_min_df_2-20260907T205516Z,2026-09-07T20:55:16Z,tfidf,items-notas-fiscais-filtros-combinados,202501-202504,27800,word_unigram_min_df_2,"{""analyzer"": ""word"", ""max_df"": 0.95, ""max_features"": 10000, ""min_df"": 2, ""ngram_range"": ""(1, 1)"", ""norm"": ""l2"", ""sublinear_tf"": true}","{""density"": 0.0006945150889474161, ""feature_count"": 6676, ""non_zero_values"": 128897, ""sparsity"": 0.9993054849110525}","{""summary_csv"": ""C:\\Users\\samue\\Scripts\\Nofis-Classifier\\reports\\tfidf\\tfidf_experiments_summary.csv"", ""vocabulary_samples_csv"": ""C:\\Users\\samue\\Scripts\\Nofis-Classifier\\reports\\tfidf\\tfidf_vocabulary_samples.csv""}",First TF-IDF comparison for filtered market dataset.
tfidf-items-notas-fiscais-filtros-combinados-202501-202504-word_unigram_min_df_5-20260907T203705Z,2026-09-07T20:37:05Z,tfidf,items-notas-fiscais-filtros-combinados,202501-202504,27800,word_unigram_min_df_5,"{""analyzer"": ""word"", ""max_df"": 0.95, ""max_features"": 10000, ""min_df"": 5, ""ngram_range"": ""(1, 1)"", ""norm"": ""l2"", ""sublinear_tf"": true}","{""density"": 0.0013344867281662135, ""feature_count"": 3231, ""non_zero_values"": 119866, ""sparsity"": 0.9986655132718338}","{""summary_csv"": ""C:\\Users\\samue\\Scripts\\Nofis-Classifier\\reports\\tfidf\\tfidf_experiments_summary.csv"", ""vocabulary_samples_csv"": ""C:\\Users\\samue\\Scripts\\Nofis-Classifier\\reports\\tfidf\\tfidf_vocabulary_samples.csv""}",First TF-IDF comparison for filtered market dataset.
tfidf-items-notas-fiscais-filtros-combinados-202501-202504-word_unigram_min_df_5-20260907T205516Z,2026-09-07T20:55:16Z,tfidf,items-notas-fiscais-filtros-combinados,202501-202504,27800,word_unigram_min_df_5,"{""analyzer"": ""word"", ""max_df"": 0.95, ""max_features"": 10000, ""min_df"": 5, ""ngram_range"": ""(1, 1)"", ""norm"": ""l2"", ""sublinear_tf"": true}","{""density"": 0.0013344867281662135, ""feature_count"": 3231, ""non_zero_values"": 119866, ""sparsity"": 0.9986655132718338}","{""summary_csv"": ""C:\\Users\\samue\\Scripts\\Nofis-Classifier\\reports\\tfidf\\tfidf_experiments_summary.csv"", ""vocabulary_samples_csv"": ""C:\\Users\\samue\\Scripts\\Nofis-Classifier\\reports\\tfidf\\tfidf_vocabulary_samples.csv""}",First TF-IDF comparison for filtered market dataset.
