cluster,termos_relevantes,exemplos_centrais,exemplos_borda,exemplos_aleatorios,descricoes_unicas,frequencia_total,frequencia_media,distancia_media_centroide,avaliacao_qualitativa,rotulo_humano,observacoes
8,1kg | verde | doce | 200g | morango | molho | pincel | banana | milho | feijao | 1l | cx | 400g | limpa | bisc,socador | talisman 5 l | smh bm 163 pro4 | bico injetor | bomba v link wifi | prod limpz,suplefrango engorda 30kg | refil mop | bacon | presunto cozido | cinta air bag ford ranger f250 ew1710062 | pa p lixo novica jeitosa,empada | milho desolhado und | cariostatic 12 10ml | trincha economica media 697 1 1 2 60697 | coca cola 350ml lata gelado | isis batom liquido,417,1869,4.482014388489208,0.9501990917847968,REVISAR,,
24,de | peito | frango | com | polpa | mandioca | farinha | tomate | file | 1kg | extrato | bolo | trigo | escova | carne,cremor de tartaro arcolor 40g arcolor | prancha de alimentos | relogio de parede | file de peito de frango | file de peito de frango rico | empadao de frango,semente de aveia branca saco 40 kg urs safra 2024 2024 | racao concentrada suino panati sc 40kg calcio cloreto de sodio premix vit a aplicacao suino em fase inicial dosage | material propagativo semente de arroz irga 409 safra 2024 2024 acond g | tijolo ceramico macico comum de 5x10x20 cmlxaxc cod sinapi 7258 clas lic 5 alvenaria | barra de cereal sabores diversos 22g a und cx com 24 unid | puro ar aero petalas de rosas 350ml,leite de cabra | essencia aromatica de baunilha | filet peito de frango pacote cx20 1 p pc | escovinha com base plastica e cerdas de nylon 14 5x6x8 2mm | bolo de saia | queijo de coalho convencional,95,670,7.052631578947368,0.9344906215762481,REVISAR,,
0,tipo | apresentacao | de | embutido | fruta | trigo | branco | farinha | sabor | ideal | arroz | tradicional | formato | doce | uva,cofe break tipo i | preparado panificacao tipo melhorador apresentacaom pokg | farinha de trigo grupo domestico tipo tipo 1 e | embutido tipo linguia paio | requeijao culinario tipo catupiry bisnaga | embutido tipo linguica toscana tam grossa tipo fresca kg,pincel pintura predial mat cerdas pelo orelha de boi tipo cabo curto tam 4pol form ret material cabo madeira caracteris | legume processado tipo mandioca formato palito preparo pre cozido apres congelado | trincha material cabo madeira material cerdas pelo orelha de boi tamanho 11 2 pol tipo cabo curto | legume em conserva tipo azeitona preta tamanho grande apresentacao sem caroco | cafe apresentacao torrado moido intensidade suave tipo tradicional empacotamento vacuo | doce nao confeitado tipo massa goiabada,pincel pintura predial mat cerdas pelo orelha de boi tipo cabo curto tam 4pol form ret material cabo madeira caracteris | embutido tipo salsicha hot dog resfriado | molho de mesa tipo catchup composicao tradicional apresentacao creme | geleia tipo frutas sabor | farinha de trigo grupo domestico tipo tipo 1 e | preparado panificacao tipo melhorador apresentacaom pokg,35,272,7.771428571428571,0.8939320784353065,REVISAR,,
2,kg | batata | castanha | caju | apresuntado | laranja | de | frac | sal | qj | vermelha | mix | sc | natural | mostarda,chimichuri kg cadastrado automaticamente | caqui kg 1 kg | racumin po 1 kg | verd batata monalisa kg 7 | laranja lima kg | pernil suino kg c pele center suinos kg,car bov resf friboi acem s osso fc kg | racao frango mix inicial crescimento engorda 25 kg | 000 maca vermelha importada kg | carne bov picanha kg vacuo fat | qj t minas meia cura scala frac kg | farinha de trigo mix sc 25 kg,racumin po 1 kg | apresuntado ret perdigao kg | chimichuri kg cadastrado automaticamente | qj t azul buritis frac kg | flv manga kg | gelatina pessego kg,39,231,5.923076923076923,0.883016669205617,REVISAR,,
3,natura | in | legume | kg | alface | abobora | cheiro | pepino | cenoura | verdura | tipo | ceasa | crespa | de | acerola,legume in natura nabo | pepino in natura unifrutas | abobora in natura moranga | mandioca legume in natura | legume in natura cenoura | abacaxi in natura,alface crespa in natura de marca colonial item de compra 74 | carne de ave in natura sobre coxa | peixe in natura merluza tipo corte file congelado | banana prata fruta in natura | alface crespa ceasa in natura | cebola in natura kg roxa,pepino ceasa in natura | repolho in natura kg | legume in natura tipo abobora cabotia japonesa | legume in natura cenoura | pepino in natura unifrutas | verdura in natura tipo alface americana,25,220,8.8,0.7601789554178001,REVISAR,,
18,coco | leite | 2l | pet | ralado | int | kg | seco | po | fanta | des | pepsi | refrig | itambe | nestle,leite coco fredao pet 2l | coco ralado kg | leite de coco sococo 200ml vd | coco seco ralado | coco ralado embaalgem pacote de 1 0 kg | coco ralado desidratado da te,organizador baleiro pet 2lts transp cx s 470571 plasduran 470571 | ref fanta uva mini pet | pepsi cola pet 3000 ml | limp perf ype prem jardim secreto fr 2l | desinf pinho urca 2l lavanda | leite condensado cemil tp 395g,coco seco kg | pudim caramelo coco apti kg | des rajja 2l lavanda | leite po int italac pc 200g | refrig coca cola orig 2l | leite condensado cemil tp 395g,31,127,4.096774193548387,0.9379499288842447,REVISAR,,
1,500g | sal | milho | refinado | manteiga | uva | de | 1kg | flocao | macarrao | semente | acucar | sem | margarina | cafe,canjiquinha pacha 500g | manteiga davaca 500g c sal | flocao milho bomilho 500g | margarina deline 500g c sal cremosa | bala mastigavel banze iogurte sortida 500g florestal | manteiga com sal natural da vaca c 500g,margarina becel 250g s sal original | bisc agua e sal mira 330g | bisc casaredo agua e sal 400g | manteiga ouro de minas com sal 200 gr | manteiga extra s sal 500gr 32cx | sal refinado bom mesa 1kg,macarrao espaguete 500g | farinha em flocos de milho sinha 500g | manteiga extra s sal 500gr 32cx | milho branco p canjica cuco 500g | bisc casaredo agua e sal 400g | bisc agua e sal mira 330g,39,125,3.2051282051282053,0.9078316087501617,REVISAR,,
20,500 | detergente | ml | gramas | neutro | ord | liq | lt | massa | 250 | liquido | ingles | 30 | desengordurante | material,detergente 500 ml | detergente liquido limpol 500 ml neutro | desinfetante 500 ml | lustrador v 30 vonixx 500 ml | detergente saneante | ervas finas 500 gramas,porta sabao detergente e esponja material plastico p pia de cozinha sbrissa | rnasezap 250 mlcanao rnase rnasezap 250 ml | sabonete refil liquido clean 800 ml | trincha simples 500 1 1 2 cerda gris | cera liq ingleza maxx 750 ml incolor | detergente desengordurante 5 litros siprolimp,massa p lasanha pct 500 gr | detergente acido p ord 5 lt semanal | detergente desengordurante 5 litros siprolimp | detergente neutro 5 lt p resfr ord | trincha simples 500 1 1 2 cerda gris | copo descartavel material poliestireno capacidade 180 ml a 200 ml caixa contendo 2 500 unidades,23,107,4.6521739130434785,0.9023121168122925,REVISAR,,
23,em | po | sabao | 1kg | barra | chocolate | leite | conserva | cominho | canela | sachet | achocolatado | embalagem | 250g | vegetais,curcuma em po dacasa 110 g | isotonico em po | sabao em po 1kg | sabao em po 1 kg | sabao em po kg | sabao em po 500 mg,po sorvete yoki morango 991 | pudim po 30g chocolate zero | pimenta geriba origens branca po 10x50 | achoc po toddy sc 1 02kg emb econ | canela em pau 100g verdfrut | seleta em conserva fugini sh 1 7kg,pudim po 30g chocolate zero | vegetais em conserva seleta em legumes | shuma cebola em po 45g vidro | leite em po gloria desnatado 260g sachet | isotonico em po | cravo da india em po pct 500g,35,87,2.4857142857142858,0.8591775081109756,REVISAR,,
21,un | qtd | 00 | noz | moscada | kg | po | manjericao | tritec | canela | eucalipto | pimentao | para | pao | flv,salsao un matsusako | v coentro mateus a un | alface lisa un 1 un | noz moscada mika 5g po un qtd 1 00 un | noz moscada dudy 3g grao un qtd 1 00 un | temp dyana po canela 20gr dyana un,desinf vorel 2l eucalipto eucalipto start un | iog batavo cremoso nat 160g integral unidade qtd 1 00 un | alcool 70 liquido safra 1 lt un | caixa organizadora alto 56 1l 975 pt 1 un | rodo condor 2 borr 60cm 1128 un | lustra moveis poliflor 200ml jasmim poliflor un,lustra moveis poliflor 200ml jasmim poliflor un | v coentro mateus a un | caixa organizadora alto 56 1l 975 pt 1 un | salsao un matsusako | temp dyana po canela 20gr dyana un | noz moscada dudy 3g grao un qtd 1 00 un,18,70,3.888888888888889,0.8246861795436192,REVISAR,,
9,lampada | 12v | farol | 24v | philips | h7 | 55w | h4 | led | polo | 6500k | 5w | bulbo | h11 | farolete,lampada h7 12v farol philips | 85392910 lampada 1034 12v philips | lampada phs h4 12v 12342c1 | ca543013 lampada farol neblina diant | lampada farol luz baixa | lampada farol de milha,lampada led smd bivolt potencia nominal 36 w base g13 reator cor branca fria o bulbo t8 formato tubular comp | lampada tubular led t8 bf 18w biv 6500k | lampada do farolete esq | lampada de led 10w bivolt branca formato tradicional | lampada led bulbo 50w 6500k bivolt e27 | lampada ultra led 6500k 9w tramontina,lampada led bulbo 50w 6500k bivolt e27 | lampada farol h4 13342 24v | lampada do farolete | lampada phs h4 12v 12342c1 | ca543013 lampada farol neblina diant | lph412vh lampada h4 12v 60 55w p43t t4 625 amx,36,63,1.75,0.8535718685116206,REVISAR,,
6,200 | creme | gramas | de | leite | mostarda | spray | tirol | cupuacu | 50 | coco | rf | polpa | 200g | ml,creme de leite 200 gramas | creme de leite 200g tirol | repelente alg one 200 ml com 9 de deet spray | mostarda 200 g | rf creme polpa norte cupuacu | queijada de coco 50 gramas,queijada de coco 50 gramas | rf creme polpa norte cupuacu | mostarda 200 g | repelente alg one 200 ml com 9 de deet spray | creme de leite 200g tirol | creme de leite 200 gramas,mostarda 200 g | repelente alg one 200 ml com 9 de deet spray | rf creme polpa norte cupuacu | creme de leite 200g tirol | queijada de coco 50 gramas | creme de leite 200 gramas,6,56,9.333333333333334,0.8252889621863068,REVISAR,,
7,queijo | rf | mussarela | kg | ralado | peca | seara | cong | sadia | extra | sabor | porta | suina | pao | und,rf queijo mussarela natville f4 | rf pao queijo freskimassas coq | queijo mussarela mazid | queijo mussarela bethe kg | queijo emmental | queijo mussarela peca,rf lombo salmao seara cong | queijo cruzilia azul kg damasco nozes | porta copo rf mes014 pvc 7898745917621 | rf panceta suina frimesa cong | rf empanado sadia xtreme | rf mant extra c s president blist,rf pao queijo freskimassas coq | queijo ralado und | queijo mussarela bethe kg | queijo mussarela peca da nonna | porta copo rf mes014 pvc 7898745917621 | rf queijo mussarela natville f4,18,50,2.7777777777777777,0.8394224919339677,REVISAR,,
15,biscoito | recheado | sabor | recheio | chocolate | apresentacao | salgado | wafer | 60g | baunilha | 350g | sabores | redondo | 200 | 30,biscoito caseiro | biscoito cookies | biscoito waffer recheado | biscoito recheado sabor chocolate | biscoito recheado baunilha | biscoito recheado sort iron c 60g,biscoito agua e sal 200 gr | biscoito reecheado sabor morango cx 30 und de 140gr cada richester | biscoito doce 350g maizena ninfa un | biscoito apresentacao redondo sabor coco | biscoito tipo salgado | biscoito wafer 145g chocolate,biscoito recheio sabores | biscoito wafer 145g chocolate | biscoito cookies | biscoito caseiro | biscoito recheado sabor chocolate | biscoito tipo salgado,14,45,3.2142857142857144,0.7626655078756028,REVISAR,,
12,500ml | deterg | liq | neutro | multiuso | vinagre | minuano | limpol | mineral | agua | limp | mult | limpador | eucalipto | sab,az capellini ev 500ml | deterg liq proeza 500ml neutro | multiuso 500ml | vinagre virrosas 500ml | deterg limpol neutro 500ml | deterg minuano 500ml neutro,limpador uau mult uso original lavanda 500ml 7891242211506 | vinagre senhor viccino zero ac fr 500ml maca | alcool gel 70 500ml | azeite borges 500ml extra virgem | agua mineral natural com gas 500ml pack c 12 | limpa vidro spray 500ml,az capellini ev 500ml | limpa vidro spray 500ml | sab liq only ervad e hor 500ml | limp cif vidros u rapido pulv 500ml | vinagre senhor viccino zero ac fr 500ml maca | limp ype multiuso desengordurante 500ml,20,45,2.25,0.8587981345741895,REVISAR,,
14,cabo | rolo | la | 23cm | espuma | tigre | vassoura | dalcin | antirespingo | atlas | 09cm | 15cm | com | condor | rodo,rolo la 23cm com cabo | rolo la poliester 23cm 19mm c cabo | rolo espuma c cabo 09cm 406 9a | rolo de espuma 09cm com cabo | rolo antirespingo com cabo 5cm | rolo la antirespingo 23cm 1376 tigre,rolo pintura predial comp 23 cm antirespingo | pa plast p lixo jeitosa c cabo dalcin d220 | limpeza rodo 30cm madeirac cabo ifrancis | vassoura pelo sintetico 60cm c cabo mm | rolo condor pinta mais 15cm 2012 15 | rodo condor plast simp s cabo 40cm,rolo la poliester 23cm 19mm c cabo | rolo pintura predial comp 23 cm antirespingo | vassoura pelo sintetico 60cm c cabo mm | pincel atlas 3 4 cabo vermelho | rolo la tigre 15cm 1383 150 | rolo espuma polies 15cmcinza tigre diver,25,44,1.76,0.8767123332500744,REVISAR,,
4,pao | integral | leite | condensado | nutrella | cranberry | vida | queijo | 1lt | de | tradicional | sao | forma | fina | iogurte,pao de forma integral | pao italiano | pao sirio | leite integral pasteurizado | leite condensado integral pcte | leite condensado integral,iogurte natural integral | pao massa fina saraiva kg | pao frances congelado 50g sao jose | mistura para pao de queijo | pao nutrella 350g cranberry quino | pao int nutrella cranberry quinoa,leite condensado integral | leite po aurora integral pct | pao sirio | pao massa fina saraiva kg | pao int nutrella cranberry quinoa | pao de forma integral,18,41,2.2777777777777777,0.860785580205043,REVISAR,,
5,limao | lava | roupa | capim | liq | ype | 500ml | gelatina | 400ml | 5lt | auto | ref | pet | classificacao | caracteristicas,limao thaiti | lava loucas ype 500ml liq capim limao | lava roupa po 5 em1 surf pct 800g limao bircab | up fresh capim limao 400ml goedert | detergente ype capim limao 500ml fr | ref h2oh limao pet,escova lavar roupa plastica | lava auto 5lt | lava roupa liq urca maxx 5l | sab francis brasilidades limao | limao classificacao sem caracteristicas | lava roupa liq vida macia,lava loucas ype 500ml liq capim limao | gelatina nutrare limao 1kg 1 kg | escova lavar roupa plastica | lava roupa liq urca maxx 5l | sab francis brasilidades limao | ref h2oh limao pet,13,37,2.8461538461538463,0.8624621391719139,REVISAR,,
17,copo | descartavel | 50 | pct | ml | und | 200ml | 100 | 100un | 180ml | com | guardanapo | unid | 200 | colher,copo plastico descartavel com 50 ml | ci copo descartavel 200ml | copo descartavel 180ml cxa c 2500 pct 100 und | copo descartavel copomais 200ml transparente c 100un | copo descartavel 200ml cx 25 centos | colher descartavel plazapel pct com 50 und,karate zeon 50 cs 250ml | guardanapo 20x19 5 c 50 unid | guardanapo maddu 20x20 50 und | copo desc cristalcopo ps transp 150ml c 100un 200005 | copo desc 180ml cristalcopo tr abnt | lenco descartavel fd cx 100un,colher descartavel refeicao c 50 unidades | copo descartavel 200ml cx 25 centos | copo 200 ml trans 100x1 ecocoppo | copo desc cristalcopo ps transp 150ml c 100un 200005 | lenco descartavel fd cx 100un | colher descartavel plazapel pct com 50 und,19,32,1.6842105263157894,0.8666489959467715,REVISAR,,
13,papel | toalha | 30m | higienico | 1000 | 2rl | hig | fd | fls | interfolha | neutro | 22cm | pct | 50un | guardanapo,toalha papel 2db 100 celulose 21x22 c 2400fls kami | toalha papel kitchen 60fls c 2rl | papel toalha absoluto 22cm x 19cm | papel toalha interfolhado br | papel toalha pct c 2rl | papel toalha interfolhas 1000 fls,papel higienico folha simples 10cm x 30m pacote com 04 rolos | papel interfolha fiel ext luxo al 20x20 c 1000 | papel higi fl dupla velud vip c 16x4rl | papel higienico max pure c 12 | toalha de papel folha simples quantidade toalha 60 und comp 22cm larg 20cm cor branca pacote com 2 rolos bob | papel hig mimmo fd neutro 4x30m,papel hig mimmo fd neutro 4x30m | toalha papel scala plus mega 360f un | papel h f d reale 30m l12p11und neutro | papel interfolha fiel ext luxo al 20x20 c 1000 | papel toalha absoluto 22cm x 19cm | papel toalha pct c 2rl,20,31,1.55,0.8308079087141016,REVISAR,,
19,suco | fruta | laranja | conc | de | uva | sabor | 500ml | ml | maca | caixa | manga | caju | goiaba | sabores,suco caixa | suco da fruta | suco panizzon maca | suco happy fruit 200ml laranja | suco de manga | suco de fruta 200 ml,suco life laranja pet 300ml | suco del valle maracuja 1 l | suco liquido goiaba litro | suco de fruta para diluir 45g sabor variado | suco natural de laranja garrafa 290 ml | suco sabores maguary 1l,suco liquido goiaba litro | suco life laranja pet 300ml | suco natural de laranja garrafa 290 ml | suco de manga | suco sabores maguary 1l | suco de fruta 200 ml,15,25,1.6666666666666667,0.8180997977545822,REVISAR,,
11,ovo | branco | cartela | grande | vermelho | campo | bandeja | extra | de | unidades | 30 | 26 | 03 | 02 | 27,ovo caipira duzia | ovo de cordorna | ovo branco cartela | ovo branco extra campo verde 20un | ovo branco bandeja com 30 unidades | ovo vermelho grande,ovo branco cuba f 27 02 v 26 03 | ovo vermelho grande | ovo branco bandeja com 30 unidades | ovo branco extra campo verde 20un | ovo branco cartela | ovo de cordorna,ovo caipira duzia | ovo branco bandeja com 30 unidades | ovo branco cuba f 27 02 v 26 03 | ovo vermelho grande | ovo branco extra campo verde 20un | ovo de cordorna,7,21,3.0,0.7036800204253267,REVISAR,,
10,item | lote | compra | aplicacao | vitafor | 1000ml | aluminio | de | detergente | lt | luva | cozinha | baunilha | pudim | confeitado,item compra 105 removedor ferrugem aplicacao remocao de crostas e manchas de oxidacao lote 2649 | item compra 80 detergente aplicacao maq lavar louca lote 1261 | item compra 128 desinfetante com aroma lote 5112 | item compra 03 desincrostante tipo limpeza pesada gl c 5 lt lote 1454 | item compra 15 detergente liq sanit alc clor bb c 20 lt lote 1202 | diben 1 5 kcal hp lote 28tha680,areia media cod sinapi 370 item 43 mat alvenaria | item 192 doce nao confeitado pacoca | item 160 po pudim sabor baunilha | item 40 luva p cozinha | fresubin energy fibre 1000ml fresenius lote 2402251448 | item 35 vitafor simcaps 3 bilhoes 30caps,item compra 03 desincrostante tipo limpeza pesada gl c 5 lt lote 1454 | diben 1 5 kcal hp lote 28tha680 | item compra 105 removedor ferrugem aplicacao remocao de crostas e manchas de oxidacao lote 2649 | item 192 doce nao confeitado pacoca | item 160 po pudim sabor baunilha | fresubin energy fibre 1000ml fresenius lote 2402251448,13,16,1.2307692307692308,0.8484875860346842,REVISAR,,
16,5l | desinfetante | bb | suco | uva | floral | gl | pinho | glifosato | laranja | 2l | prot | marine | air | detergente,desinfetante 5l violex biokriss | detergente bb 5l | radan hobby rodanox intercap gl 5l | suco de laranja 5l | desinfetante limpador de uso geral 5l | glifosato fersol 480 na bb 5l fersol,desinfetante pinho zupp 2l | desinfetante floral 1x2l ox | agua min cristal select s gas 6x1 5l | bactericida prot ecco air marine 5l ac0008 | suco alianca 1 5l uva tto uva tto | glifosato fersol 480 na bb 5l fersol,desinfetante limpador de uso geral 5l | desinfetante 5l violex biokriss | radan hobby rodanox intercap gl 5l | suco alianca 1 5l uva tto uva tto | suco de laranja 5l | desinfetante pinho zupp 2l,11,14,1.2727272727272727,0.8340442350702901,REVISAR,,
22,pilha | aaa | alcalina | duracell | 5v | 4un | palito | pc | unid | cartela | com | tipo | virgem | vinagre | vidros,pilha alcalina aaa 1 5v 8un duracell mn2400 8 74439 | pilha panasonic power alcaline aaa 2x1 | pilha palito aaa alcalina | pilha duracell alcalina aaa cartela c 2 | pilha duracell palito aaa c 4un | pilha tipo aaa com 4un,pilha alcal 2a 1 5v c 2 pc lr6a elgin | pilha alcalina aa c 4 unid | pilha tipo aaa com 4un | pilha duracell palito aaa c 4un | pilha duracell alcalina aaa cartela c 2 | pilha palito aaa alcalina,pilha alcalina aaa 1 5v 8un duracell mn2400 8 74439 | pilha alcal 2a 1 5v c 2 pc lr6a elgin | pilha palito aaa alcalina | pilha duracell alcalina aaa cartela c 2 | pilha tipo aaa com 4un | pilha alcalina aa c 4 unid,8,8,1.0,0.6651789061067749,REVISAR,,
