name,analyzer,ngram_range,min_df,max_features,max_df,sublinear_tf,norm,k,seed,n_init
word_1_1_df2_max10000,word,"(1, 1)",2,10000,0.95,True,l2,10,42,10
word_1_1_df2_max10000,word,"(1, 1)",2,10000,0.95,True,l2,10,123,10
word_1_1_df2_max10000,word,"(1, 1)",2,10000,0.95,True,l2,10,2026,10
word_1_1_df2_max10000,word,"(1, 1)",2,10000,0.95,True,l2,15,42,10
word_1_1_df2_max10000,word,"(1, 1)",2,10000,0.95,True,l2,15,123,10
word_1_1_df2_max10000,word,"(1, 1)",2,10000,0.95,True,l2,15,2026,10
word_1_1_df2_max10000,word,"(1, 1)",2,10000,0.95,True,l2,20,42,10
word_1_1_df2_max10000,word,"(1, 1)",2,10000,0.95,True,l2,20,123,10
word_1_1_df2_max10000,word,"(1, 1)",2,10000,0.95,True,l2,20,2026,10
word_1_1_df2_max10000,word,"(1, 1)",2,10000,0.95,True,l2,25,42,10
word_1_1_df2_max10000,word,"(1, 1)",2,10000,0.95,True,l2,25,123,10
word_1_1_df2_max10000,word,"(1, 1)",2,10000,0.95,True,l2,25,2026,10
word_1_1_df2_max10000,word,"(1, 1)",2,10000,0.95,True,l2,30,42,10
word_1_1_df2_max10000,word,"(1, 1)",2,10000,0.95,True,l2,30,123,10
word_1_1_df2_max10000,word,"(1, 1)",2,10000,0.95,True,l2,30,2026,10
word_1_1_df2_max10000,word,"(1, 1)",2,10000,0.95,True,l2,40,42,10
word_1_1_df2_max10000,word,"(1, 1)",2,10000,0.95,True,l2,40,123,10
word_1_1_df2_max10000,word,"(1, 1)",2,10000,0.95,True,l2,40,2026,10
word_1_1_df2_max10000,word,"(1, 1)",2,10000,0.95,True,l2,60,42,10
word_1_1_df2_max10000,word,"(1, 1)",2,10000,0.95,True,l2,60,123,10
word_1_1_df2_max10000,word,"(1, 1)",2,10000,0.95,True,l2,60,2026,10
word_1_1_df2_max10000,word,"(1, 1)",2,10000,0.95,True,l2,80,42,10
word_1_1_df2_max10000,word,"(1, 1)",2,10000,0.95,True,l2,80,123,10
word_1_1_df2_max10000,word,"(1, 1)",2,10000,0.95,True,l2,80,2026,10
word_1_1_df5_max10000,word,"(1, 1)",5,10000,0.95,True,l2,10,42,10
word_1_1_df5_max10000,word,"(1, 1)",5,10000,0.95,True,l2,10,123,10
word_1_1_df5_max10000,word,"(1, 1)",5,10000,0.95,True,l2,10,2026,10
word_1_1_df5_max10000,word,"(1, 1)",5,10000,0.95,True,l2,15,42,10
word_1_1_df5_max10000,word,"(1, 1)",5,10000,0.95,True,l2,15,123,10
word_1_1_df5_max10000,word,"(1, 1)",5,10000,0.95,True,l2,15,2026,10
word_1_1_df5_max10000,word,"(1, 1)",5,10000,0.95,True,l2,20,42,10
word_1_1_df5_max10000,word,"(1, 1)",5,10000,0.95,True,l2,20,123,10
word_1_1_df5_max10000,word,"(1, 1)",5,10000,0.95,True,l2,20,2026,10
word_1_1_df5_max10000,word,"(1, 1)",5,10000,0.95,True,l2,25,42,10
word_1_1_df5_max10000,word,"(1, 1)",5,10000,0.95,True,l2,25,123,10
word_1_1_df5_max10000,word,"(1, 1)",5,10000,0.95,True,l2,25,2026,10
word_1_1_df5_max10000,word,"(1, 1)",5,10000,0.95,True,l2,30,42,10
word_1_1_df5_max10000,word,"(1, 1)",5,10000,0.95,True,l2,30,123,10
word_1_1_df5_max10000,word,"(1, 1)",5,10000,0.95,True,l2,30,2026,10
word_1_1_df5_max10000,word,"(1, 1)",5,10000,0.95,True,l2,40,42,10
word_1_1_df5_max10000,word,"(1, 1)",5,10000,0.95,True,l2,40,123,10
word_1_1_df5_max10000,word,"(1, 1)",5,10000,0.95,True,l2,40,2026,10
word_1_1_df5_max10000,word,"(1, 1)",5,10000,0.95,True,l2,60,42,10
word_1_1_df5_max10000,word,"(1, 1)",5,10000,0.95,True,l2,60,123,10
word_1_1_df5_max10000,word,"(1, 1)",5,10000,0.95,True,l2,60,2026,10
word_1_1_df5_max10000,word,"(1, 1)",5,10000,0.95,True,l2,80,42,10
word_1_1_df5_max10000,word,"(1, 1)",5,10000,0.95,True,l2,80,123,10
word_1_1_df5_max10000,word,"(1, 1)",5,10000,0.95,True,l2,80,2026,10
word_1_2_df2_max10000,word,"(1, 2)",2,10000,0.95,True,l2,10,42,10
word_1_2_df2_max10000,word,"(1, 2)",2,10000,0.95,True,l2,10,123,10
word_1_2_df2_max10000,word,"(1, 2)",2,10000,0.95,True,l2,10,2026,10
word_1_2_df2_max10000,word,"(1, 2)",2,10000,0.95,True,l2,15,42,10
word_1_2_df2_max10000,word,"(1, 2)",2,10000,0.95,True,l2,15,123,10
word_1_2_df2_max10000,word,"(1, 2)",2,10000,0.95,True,l2,15,2026,10
word_1_2_df2_max10000,word,"(1, 2)",2,10000,0.95,True,l2,20,42,10
word_1_2_df2_max10000,word,"(1, 2)",2,10000,0.95,True,l2,20,123,10
word_1_2_df2_max10000,word,"(1, 2)",2,10000,0.95,True,l2,20,2026,10
word_1_2_df2_max10000,word,"(1, 2)",2,10000,0.95,True,l2,25,42,10
word_1_2_df2_max10000,word,"(1, 2)",2,10000,0.95,True,l2,25,123,10
word_1_2_df2_max10000,word,"(1, 2)",2,10000,0.95,True,l2,25,2026,10
word_1_2_df2_max10000,word,"(1, 2)",2,10000,0.95,True,l2,30,42,10
word_1_2_df2_max10000,word,"(1, 2)",2,10000,0.95,True,l2,30,123,10
word_1_2_df2_max10000,word,"(1, 2)",2,10000,0.95,True,l2,30,2026,10
word_1_2_df2_max10000,word,"(1, 2)",2,10000,0.95,True,l2,40,42,10
word_1_2_df2_max10000,word,"(1, 2)",2,10000,0.95,True,l2,40,123,10
word_1_2_df2_max10000,word,"(1, 2)",2,10000,0.95,True,l2,40,2026,10
word_1_2_df2_max10000,word,"(1, 2)",2,10000,0.95,True,l2,60,42,10
word_1_2_df2_max10000,word,"(1, 2)",2,10000,0.95,True,l2,60,123,10
word_1_2_df2_max10000,word,"(1, 2)",2,10000,0.95,True,l2,60,2026,10
word_1_2_df2_max10000,word,"(1, 2)",2,10000,0.95,True,l2,80,42,10
word_1_2_df2_max10000,word,"(1, 2)",2,10000,0.95,True,l2,80,123,10
word_1_2_df2_max10000,word,"(1, 2)",2,10000,0.95,True,l2,80,2026,10
word_1_2_df5_max10000,word,"(1, 2)",5,10000,0.95,True,l2,10,42,10
word_1_2_df5_max10000,word,"(1, 2)",5,10000,0.95,True,l2,10,123,10
word_1_2_df5_max10000,word,"(1, 2)",5,10000,0.95,True,l2,10,2026,10
word_1_2_df5_max10000,word,"(1, 2)",5,10000,0.95,True,l2,15,42,10
word_1_2_df5_max10000,word,"(1, 2)",5,10000,0.95,True,l2,15,123,10
word_1_2_df5_max10000,word,"(1, 2)",5,10000,0.95,True,l2,15,2026,10
word_1_2_df5_max10000,word,"(1, 2)",5,10000,0.95,True,l2,20,42,10
word_1_2_df5_max10000,word,"(1, 2)",5,10000,0.95,True,l2,20,123,10
word_1_2_df5_max10000,word,"(1, 2)",5,10000,0.95,True,l2,20,2026,10
word_1_2_df5_max10000,word,"(1, 2)",5,10000,0.95,True,l2,25,42,10
word_1_2_df5_max10000,word,"(1, 2)",5,10000,0.95,True,l2,25,123,10
word_1_2_df5_max10000,word,"(1, 2)",5,10000,0.95,True,l2,25,2026,10
word_1_2_df5_max10000,word,"(1, 2)",5,10000,0.95,True,l2,30,42,10
word_1_2_df5_max10000,word,"(1, 2)",5,10000,0.95,True,l2,30,123,10
word_1_2_df5_max10000,word,"(1, 2)",5,10000,0.95,True,l2,30,2026,10
word_1_2_df5_max10000,word,"(1, 2)",5,10000,0.95,True,l2,40,42,10
word_1_2_df5_max10000,word,"(1, 2)",5,10000,0.95,True,l2,40,123,10
word_1_2_df5_max10000,word,"(1, 2)",5,10000,0.95,True,l2,40,2026,10
word_1_2_df5_max10000,word,"(1, 2)",5,10000,0.95,True,l2,60,42,10
word_1_2_df5_max10000,word,"(1, 2)",5,10000,0.95,True,l2,60,123,10
word_1_2_df5_max10000,word,"(1, 2)",5,10000,0.95,True,l2,60,2026,10
word_1_2_df5_max10000,word,"(1, 2)",5,10000,0.95,True,l2,80,42,10
word_1_2_df5_max10000,word,"(1, 2)",5,10000,0.95,True,l2,80,123,10
word_1_2_df5_max10000,word,"(1, 2)",5,10000,0.95,True,l2,80,2026,10
char_wb_3_5_df2_max30000,char_wb,"(3, 5)",2,30000,0.95,True,l2,10,42,10
char_wb_3_5_df2_max30000,char_wb,"(3, 5)",2,30000,0.95,True,l2,10,123,10
char_wb_3_5_df2_max30000,char_wb,"(3, 5)",2,30000,0.95,True,l2,10,2026,10
char_wb_3_5_df2_max30000,char_wb,"(3, 5)",2,30000,0.95,True,l2,15,42,10
char_wb_3_5_df2_max30000,char_wb,"(3, 5)",2,30000,0.95,True,l2,15,123,10
char_wb_3_5_df2_max30000,char_wb,"(3, 5)",2,30000,0.95,True,l2,15,2026,10
char_wb_3_5_df2_max30000,char_wb,"(3, 5)",2,30000,0.95,True,l2,20,42,10
char_wb_3_5_df2_max30000,char_wb,"(3, 5)",2,30000,0.95,True,l2,20,123,10
char_wb_3_5_df2_max30000,char_wb,"(3, 5)",2,30000,0.95,True,l2,20,2026,10
char_wb_3_5_df2_max30000,char_wb,"(3, 5)",2,30000,0.95,True,l2,25,42,10
char_wb_3_5_df2_max30000,char_wb,"(3, 5)",2,30000,0.95,True,l2,25,123,10
char_wb_3_5_df2_max30000,char_wb,"(3, 5)",2,30000,0.95,True,l2,25,2026,10
char_wb_3_5_df2_max30000,char_wb,"(3, 5)",2,30000,0.95,True,l2,30,42,10
char_wb_3_5_df2_max30000,char_wb,"(3, 5)",2,30000,0.95,True,l2,30,123,10
char_wb_3_5_df2_max30000,char_wb,"(3, 5)",2,30000,0.95,True,l2,30,2026,10
char_wb_3_5_df2_max30000,char_wb,"(3, 5)",2,30000,0.95,True,l2,40,42,10
char_wb_3_5_df2_max30000,char_wb,"(3, 5)",2,30000,0.95,True,l2,40,123,10
char_wb_3_5_df2_max30000,char_wb,"(3, 5)",2,30000,0.95,True,l2,40,2026,10
char_wb_3_5_df2_max30000,char_wb,"(3, 5)",2,30000,0.95,True,l2,60,42,10
char_wb_3_5_df2_max30000,char_wb,"(3, 5)",2,30000,0.95,True,l2,60,123,10
char_wb_3_5_df2_max30000,char_wb,"(3, 5)",2,30000,0.95,True,l2,60,2026,10
char_wb_3_5_df2_max30000,char_wb,"(3, 5)",2,30000,0.95,True,l2,80,42,10
char_wb_3_5_df2_max30000,char_wb,"(3, 5)",2,30000,0.95,True,l2,80,123,10
char_wb_3_5_df2_max30000,char_wb,"(3, 5)",2,30000,0.95,True,l2,80,2026,10
char_wb_3_5_df5_max30000,char_wb,"(3, 5)",5,30000,0.95,True,l2,10,42,10
char_wb_3_5_df5_max30000,char_wb,"(3, 5)",5,30000,0.95,True,l2,10,123,10
char_wb_3_5_df5_max30000,char_wb,"(3, 5)",5,30000,0.95,True,l2,10,2026,10
char_wb_3_5_df5_max30000,char_wb,"(3, 5)",5,30000,0.95,True,l2,15,42,10
char_wb_3_5_df5_max30000,char_wb,"(3, 5)",5,30000,0.95,True,l2,15,123,10
char_wb_3_5_df5_max30000,char_wb,"(3, 5)",5,30000,0.95,True,l2,15,2026,10
char_wb_3_5_df5_max30000,char_wb,"(3, 5)",5,30000,0.95,True,l2,20,42,10
char_wb_3_5_df5_max30000,char_wb,"(3, 5)",5,30000,0.95,True,l2,20,123,10
char_wb_3_5_df5_max30000,char_wb,"(3, 5)",5,30000,0.95,True,l2,20,2026,10
char_wb_3_5_df5_max30000,char_wb,"(3, 5)",5,30000,0.95,True,l2,25,42,10
char_wb_3_5_df5_max30000,char_wb,"(3, 5)",5,30000,0.95,True,l2,25,123,10
char_wb_3_5_df5_max30000,char_wb,"(3, 5)",5,30000,0.95,True,l2,25,2026,10
char_wb_3_5_df5_max30000,char_wb,"(3, 5)",5,30000,0.95,True,l2,30,42,10
char_wb_3_5_df5_max30000,char_wb,"(3, 5)",5,30000,0.95,True,l2,30,123,10
char_wb_3_5_df5_max30000,char_wb,"(3, 5)",5,30000,0.95,True,l2,30,2026,10
char_wb_3_5_df5_max30000,char_wb,"(3, 5)",5,30000,0.95,True,l2,40,42,10
char_wb_3_5_df5_max30000,char_wb,"(3, 5)",5,30000,0.95,True,l2,40,123,10
char_wb_3_5_df5_max30000,char_wb,"(3, 5)",5,30000,0.95,True,l2,40,2026,10
char_wb_3_5_df5_max30000,char_wb,"(3, 5)",5,30000,0.95,True,l2,60,42,10
char_wb_3_5_df5_max30000,char_wb,"(3, 5)",5,30000,0.95,True,l2,60,123,10
char_wb_3_5_df5_max30000,char_wb,"(3, 5)",5,30000,0.95,True,l2,60,2026,10
char_wb_3_5_df5_max30000,char_wb,"(3, 5)",5,30000,0.95,True,l2,80,42,10
char_wb_3_5_df5_max30000,char_wb,"(3, 5)",5,30000,0.95,True,l2,80,123,10
char_wb_3_5_df5_max30000,char_wb,"(3, 5)",5,30000,0.95,True,l2,80,2026,10
