config_name,k,seed_count,silhouette_median,silhouette_std,ch_median,db_median,inertia_median,largest_cluster_fraction,zero_vector_fraction,reached_max_iter,representative_id
char_wb_3_5_df2_max30000,80,3,0.0899166793410703,0.0014377883204834193,3.414301070495266,3.0712691462491333,22333.42950703316,0.2752363636363636,0.0,False,char_wb_3_5_df2_max30000_k80_seed2026
char_wb_3_5_df5_max30000,80,3,0.0892665021444428,0.0032961326812360587,3.4874434739734315,2.9820497614791632,22206.763583370943,0.2788727272727272,0.0,False,char_wb_3_5_df5_max30000_k80_seed123
char_wb_3_5_df5_max30000,60,3,0.0830985014794411,0.0032945380777703024,3.793176934849952,3.2467916524798075,22943.642440552645,0.3300363636363636,0.0,False,char_wb_3_5_df5_max30000_k60_seed2026
char_wb_3_5_df2_max30000,60,3,0.0778430840453535,0.0016722964240500594,3.643788513198591,3.21487510657633,23073.70502045404,0.336,0.0,False,char_wb_3_5_df2_max30000_k60_seed42
char_wb_3_5_df2_max30000,40,3,0.0686628266725326,0.0014686586336403473,4.1437066474492505,3.765250686503397,23932.59023467793,0.3658545454545454,0.0,False,char_wb_3_5_df2_max30000_k40_seed2026
char_wb_3_5_df5_max30000,40,3,0.0679522711957597,0.0007326461837481673,4.242864885199543,3.625828228698777,23858.54073847634,0.3992,0.0,False,char_wb_3_5_df5_max30000_k40_seed2026
word_1_1_df5_max10000,80,3,0.0674135564967165,0.01618784002489481,3.1824823290019446,3.0512777458986946,22720.81862102985,0.2742909090909091,0.0072727272727272,False,word_1_1_df5_max10000_k80_seed42
word_1_1_df2_max10000,80,3,0.0616781372164821,0.0029812224192835566,2.911868871447705,3.209947078866456,23267.07516048341,0.2697818181818182,0.002690909090909,False,word_1_1_df2_max10000_k80_seed123
word_1_1_df5_max10000,60,3,0.0615805566070387,0.007528811129575284,3.4338660053183374,3.3543379898069268,23351.701474508955,0.3169818181818182,0.0072727272727272,False,word_1_1_df5_max10000_k60_seed123
char_wb_3_5_df2_max30000,30,3,0.0599039390921285,0.0009344474274387233,4.438767341818493,4.050983680902493,24510.483668543933,0.430690909090909,0.0,False,char_wb_3_5_df2_max30000_k30_seed2026
char_wb_3_5_df5_max30000,30,3,0.057037912579934,0.0027251011220838233,4.49325686818463,3.928597260161369,24440.248834465863,0.4538545454545454,0.0,False,char_wb_3_5_df5_max30000_k30_seed2026
word_1_1_df2_max10000,60,3,0.0559903342911403,0.002327035377139975,3.1675514867725445,3.5498164322329893,23835.308215332458,0.3092727272727272,0.002690909090909,False,word_1_1_df2_max10000_k60_seed42
word_1_1_df5_max10000,40,3,0.0546140028019356,0.0061305389687208575,3.869565618894256,3.7452156559553287,24135.37645353421,0.3840363636363636,0.0072727272727272,False,word_1_1_df5_max10000_k40_seed2026
word_1_1_df2_max10000,40,3,0.0536922619369036,0.002243498830918347,3.627523945523967,3.913388911195953,24578.076319927583,0.3936727272727273,0.002690909090909,False,word_1_1_df2_max10000_k40_seed123
word_1_2_df5_max10000,80,3,0.0527001788066048,0.0010293515186629177,2.596658125076348,3.351245024466477,23781.903939618263,0.2750181818181818,0.0072727272727272,False,word_1_2_df5_max10000_k80_seed2026
char_wb_3_5_df5_max30000,25,3,0.0519609144050231,0.002853024556632193,4.720499510116924,4.208436001395608,24743.681377824047,0.4775272727272727,0.0,False,char_wb_3_5_df5_max30000_k25_seed2026
word_1_1_df5_max10000,25,3,0.0504820257592675,0.0010863562346189843,4.562308950268831,4.146762401451252,24892.31553847397,0.4726909090909091,0.0072727272727272,False,word_1_1_df5_max10000_k25_seed2026
word_1_1_df5_max10000,30,3,0.0504205523811253,0.0025108038940988794,4.2913440183989495,4.07232402796827,24615.750408561977,0.4248,0.0072727272727272,False,word_1_1_df5_max10000_k30_seed2026
char_wb_3_5_df2_max30000,25,3,0.048661269868716,0.00232349193082738,4.656040336023942,4.235351774575537,24846.79753680096,0.4764363636363636,0.0,False,char_wb_3_5_df2_max30000_k25_seed123
word_1_1_df2_max10000,30,3,0.0468335293435595,0.004405018016367047,3.9519004452760593,4.249522189126547,25039.48606968812,0.4343636363636363,0.002690909090909,False,word_1_1_df2_max10000_k30_seed123
word_1_2_df5_max10000,60,3,0.0467805595994003,0.005039032073160237,2.78562696501286,3.6261292830916463,24323.353162445816,0.3301454545454545,0.0072727272727272,False,word_1_2_df5_max10000_k60_seed42
word_1_2_df2_max10000,80,3,0.0467779188822216,0.0024476578201487473,2.430597782090464,3.4721995856770014,24173.25189428941,0.2786909090909091,0.0057090909090909,False,word_1_2_df2_max10000_k80_seed42
word_1_1_df2_max10000,25,3,0.0449473994055093,0.004654451777534756,4.248328883298886,4.431312785848407,25259.676342193223,0.4772,0.002690909090909,False,word_1_1_df2_max10000_k25_seed2026
char_wb_3_5_df5_max30000,20,3,0.0443959421837426,0.0021662439780583084,5.086641146819224,4.176379342867575,25131.1887096664,0.5453818181818182,0.0,False,char_wb_3_5_df5_max30000_k20_seed42
char_wb_3_5_df2_max30000,20,3,0.0439388982239674,0.0020586026944930374,4.937986741169233,4.539497512295443,25175.40122043514,0.5106545454545455,0.0,False,char_wb_3_5_df2_max30000_k20_seed123
word_1_2_df5_max10000,40,3,0.0432044036877338,0.0017232987000568025,3.134792031306902,4.03184401153858,24958.903158193105,0.3984,0.0072727272727272,False,word_1_2_df5_max10000_k40_seed123
word_1_2_df2_max10000,60,3,0.0424191098811811,0.002177564488766694,2.57116969718371,3.8049574243831374,24698.809934661174,0.3167636363636363,0.0057090909090909,False,word_1_2_df2_max10000_k60_seed2026
word_1_1_df5_max10000,15,3,0.042202305090329,0.0027480788681680905,5.555973974431574,4.5776993637584,25501.59842594074,0.5584363636363636,0.0072727272727272,False,word_1_1_df5_max10000_k15_seed123
char_wb_3_5_df5_max30000,15,3,0.0412072999945717,0.0016572931191945767,5.510895655305366,4.779565728366892,25516.714668924626,0.5653090909090909,0.0,False,char_wb_3_5_df5_max30000_k15_seed123
word_1_1_df5_max10000,20,3,0.040565142909485,0.004259087960478854,4.911423424408344,4.301775679120225,25211.05027598667,0.5235272727272727,0.0072727272727272,False,word_1_1_df5_max10000_k20_seed123
word_1_2_df5_max10000,30,3,0.0401018671543874,0.0018481263675242457,3.453072919435705,4.405075197315507,25319.46295184773,0.4493818181818181,0.0072727272727272,False,word_1_2_df5_max10000_k30_seed123
word_1_2_df2_max10000,40,3,0.0391305435312728,0.0007889398514924764,2.868926301711633,4.380400399650713,25247.98118387913,0.4026909090909091,0.0057090909090909,False,word_1_2_df2_max10000_k40_seed42
word_1_1_df2_max10000,20,3,0.0377321044427798,0.0018743895892158898,4.324008955057212,4.6297664691807,25535.789544252544,0.5091272727272728,0.002690909090909,False,word_1_1_df2_max10000_k20_seed42
char_wb_3_5_df2_max30000,15,3,0.0376925306404725,0.0018270959257161324,5.338667166392696,4.733267966294856,25577.294136969525,0.5763636363636364,0.0,False,char_wb_3_5_df2_max30000_k15_seed42
word_1_2_df5_max10000,25,3,0.0353461579011059,0.0032144916309972,3.5828520639499017,4.526125386319706,25552.487208411192,0.4853818181818182,0.0072727272727272,False,word_1_2_df5_max10000_k25_seed123
word_1_1_df2_max10000,15,3,0.0348512578195345,0.0032459347814020917,4.795497528390589,4.866402760881281,25845.261575508965,0.5663636363636364,0.002690909090909,False,word_1_1_df2_max10000_k15_seed2026
word_1_2_df2_max10000,30,3,0.0330572493300438,0.0010671075355037029,3.1240950942900505,4.634873099507504,25593.22922910212,0.4533090909090909,0.0057090909090909,False,word_1_2_df2_max10000_k30_seed42
word_1_1_df5_max10000,10,3,0.0326947885702071,0.0022295592835196196,6.2699308624341485,4.826580697778914,25935.563185856587,0.6421454545454546,0.0072727272727272,False,word_1_1_df5_max10000_k10_seed123
word_1_2_df5_max10000,20,3,0.0322639817794855,0.0012786305916122503,3.7789163199650218,4.82767354253113,25767.399917561383,0.5328,0.0072727272727272,False,word_1_2_df5_max10000_k20_seed2026
word_1_2_df2_max10000,25,3,0.0309057148469564,0.001012776073677353,3.2145804217022134,4.749037892414719,25742.66601128857,0.5006545454545455,0.0057090909090909,False,word_1_2_df2_max10000_k25_seed42
word_1_2_df5_max10000,15,3,0.0297730189633564,0.004053541920910787,4.102672470254321,5.120089367886334,26028.523135356085,0.5743636363636364,0.0072727272727272,False,word_1_2_df5_max10000_k15_seed123
char_wb_3_5_df2_max30000,10,3,0.0294138052383376,0.0009095797752413575,5.967560476035955,5.46307176157275,26021.011427811583,0.6140363636363636,0.0,False,char_wb_3_5_df2_max30000_k10_seed42
word_1_2_df2_max10000,20,3,0.0288267493497732,0.0009638483472023486,3.434053234417045,4.934102407971947,25969.72034141188,0.5437818181818181,0.0057090909090909,False,word_1_2_df2_max10000_k20_seed123
word_1_1_df2_max10000,10,3,0.0285173551751632,0.0019746659467861838,5.48183187247739,5.29066860350669,26208.906234984508,0.6353090909090909,0.002690909090909,False,word_1_1_df2_max10000_k10_seed42
char_wb_3_5_df5_max30000,10,3,0.0282342287807372,0.0014105363529710933,5.875589862716888,5.160471712454893,26012.03673159389,0.6410181818181818,0.0,False,char_wb_3_5_df5_max30000_k10_seed42
word_1_2_df5_max10000,10,3,0.0216908670901243,0.0014694474947075146,4.664965412563526,5.534158417349966,26334.78402471217,0.6689818181818182,0.0072727272727272,False,word_1_2_df5_max10000_k10_seed123
word_1_2_df2_max10000,15,3,0.0203956541786997,0.003314457276560444,3.4604763224913,5.5412524541050905,26235.911325699013,0.571709090909091,0.0057090909090909,False,word_1_2_df2_max10000_k15_seed2026
word_1_2_df2_max10000,10,3,0.0186025403725095,0.003364257628510919,3.883802900172304,5.912832455810097,26498.80244793809,0.6880363636363637,0.0057090909090909,False,word_1_2_df2_max10000_k10_seed123
