experiment_id,config_name,k,seed,sample_seed,sample_size,sample_clusters,silhouette_5000,silhouette_1000
word_1_1_df5_max10000_k80_seed42,word_1_1_df5_max10000,80,42,20260926,5000,80,0.0935490888849744,0.0674135564967165
word_1_1_df5_max10000_k80_seed123,word_1_1_df5_max10000,80,123,20260926,5000,80,0.0789563686612633,0.0396556868154245
word_1_1_df5_max10000_k80_seed2026,word_1_1_df5_max10000,80,2026,20260926,5000,80,0.0971717302527328,0.0780567187134073
word_1_1_df2_max10000_k80_seed42,word_1_1_df2_max10000,80,42,20260926,5000,80,0.0831037754780999,0.0602028859898451
word_1_1_df2_max10000_k80_seed123,word_1_1_df2_max10000,80,123,20260926,5000,80,0.0844879334024536,0.0616781372164821
word_1_1_df2_max10000_k80_seed2026,word_1_1_df2_max10000,80,2026,20260926,5000,80,0.0844048610965641,0.0671342437069363
word_1_2_df5_max10000_k80_seed42,word_1_2_df5_max10000,80,42,20260926,5000,80,0.0807106033645169,0.0528717490006921
word_1_2_df5_max10000_k80_seed123,word_1_2_df5_max10000,80,123,20260926,5000,80,0.0708482035954228,0.050607440729166
word_1_2_df5_max10000_k80_seed2026,word_1_2_df5_max10000,80,2026,20260926,5000,80,0.0752227073900056,0.0527001788066048
word_1_2_df2_max10000_k80_seed42,word_1_2_df2_max10000,80,42,20260926,5000,80,0.0681183253631658,0.0467779188822216
word_1_2_df2_max10000_k80_seed123,word_1_2_df2_max10000,80,123,20260926,5000,80,0.0609679438352995,0.0466361985933003
word_1_2_df2_max10000_k80_seed2026,word_1_2_df2_max10000,80,2026,20260926,5000,80,0.0685123987570774,0.0518978742941249
char_wb_3_5_df2_max30000_k80_seed42,char_wb_3_5_df2_max30000,80,42,20260926,5000,80,0.1124785661513227,0.0896591946014669
char_wb_3_5_df2_max30000_k80_seed123,char_wb_3_5_df2_max30000,80,123,20260926,5000,80,0.11223456986473293,0.0928297842475116
char_wb_3_5_df2_max30000_k80_seed2026,char_wb_3_5_df2_max30000,80,2026,20260926,5000,80,0.11403888614314156,0.0899166793410703
