descricao_id,descricao_normalizada,frequencia,descricao_original_exemplo,descricoes_originais_distintas,primeiro_mes,ultimo_mes,meses_presentes,descricao_abreviacoes_unidades,descricao_numero_unidade_padronizada,descricao_numeros_mascarados,codigo_ncm_mais_frequente,ncm_tipo_mais_frequente,termos_tfidf,sem_vocabulario
24467,rosquinha nossa terra 500g,7,ROSQUINHA NOSSA TERRA 500G,1,2025-01,2025-04,4,rosquinha nossa terra 500g,rosquinha nossa terra 500 g,rosquinha nossa terra numero g,19053100.0,"Bolachas e biscoitos, adicionados de edulcorante",rosquinha: 0.662 | terra: 0.627 | 500g: 0.411,False
13903,lampada bubo led 07w 6500k bivolt,1,Lampada Bubo Led 07w 6500k Bivolt,1,2025-03,2025-03,1,lampada bubo led 07w 6500k bivolt,lampada bubo led 07w 6500k bivolt,lampada bubo led 07w 6500k bivolt,85395200.0,,bivolt: 0.609 | 6500k: 0.524 | led: 0.468 | lampada: 0.369,False
4447,bivack 400 ec 1 l,3,BIVACK 400 EC 1 L,1,2025-01,2025-02,2,bivack 400 ec 1 l,bivack 400 ec 1 l,bivack numero ec numero l,38089329.0,Outros herbicidas apresentados de outro modo,ec: 0.785 | 400: 0.620,False
8989,detergente enzimatico composicao a base de amilase 5lt,3,DETERGENTE ENZIMATICO COMPOSICAO A BASE DE AMILASE 5LT,1,2025-02,2025-04,2,detergente enzimatico composicao a base de amilase 5lt,detergente enzimatico composicao a base de amilase 5lt,detergente enzimatico composicao a base de amilase 5lt,34029039.0,Outras preparações para lavagem (detergentes),composicao: 0.532 | 5lt: 0.519 | base: 0.474 | detergente: 0.418 | de: 0.220,False
18325,molho tom marata bolonhesa pouch,1,MOLHO TOM.MARATA BOLONHESA POUCH,1,2025-02,2025-02,1,molho tom marata bolonhesa pouch,molho tom marata bolonhesa pouch,molho tom marata bolonhesa pouch,21032010.0,"Ketchup e outros molhos de tomate, preparado, em embalagens imediatas de conteúdo inferior ou igual a 1 kg",bolonhesa: 0.576 | tom: 0.443 | pouch: 0.436 | marata: 0.413 | molho: 0.334,False
21386,pincel trincha roma 3 4,1,PINCEL TRINCHA ROMA 3/4,1,2025-01,2025-01,1,pincel trincha roma 3 4,pincel trincha roma 3 4,pincel trincha roma numero,96034090.0,"Escovas e pincéis para pintar, caiar, envernizar, etc, bonecas",roma: 0.646 | pincel: 0.550 | trincha: 0.529,False
6796,coala multiuso tradicional zulu perfumes 500ml,1,COALA MULTIUSO TRADICIONAL ZULU PERFUMES 500ML,1,2025-02,2025-02,1,coala multiuso tradicional zulu perfumes 500ml,coala multiuso tradicional zulu perfumes 500 ml,coala multiuso tradicional zulu perfumes numero ml,34029090.0,Outras preparações tensoativas e preparações para limpeza,zulu: 0.516 | perfumes: 0.507 | coala: 0.431 | multiuso: 0.345 | tradicional: 0.320 | 500ml: 0.265,False
18278,molho shoyu,8,molho shoyu,2,2025-02,2025-03,2,molho shoyu,molho shoyu,molho shoyu,21031090.0,"Outros molhos de soja, preparados",shoyu: 0.814 | molho: 0.582,False
3564,bb ref dafruta pronto 1li maracuja tp,1,BB REF DAFRUTA PRONTO 1LI MARACUJA TP,1,2025-02,2025-02,1,bb ref dafruta pronto 1li maracuja tp,bb ref dafruta pronto 1li maracuja tp,bb ref dafruta pronto 1li maracuja tp,22029900.0,"Outras bebidas não-alcoólicas (exceto água, cerveja sem álcool e itens da posição 20.09)",1li: 0.489 | dafruta: 0.404 | pronto: 0.391 | bb: 0.366 | maracuja: 0.346 | tp: 0.317 | ref: 0.300,False
8525,desinfetante composicao equilibrada de phmb e tensoativo cationico biodegradavel frasco de 1 litro,1,"desinfetante composicao equilibrada de PHMB e tensoativo cationico, Biodegradavel. Frasco de 1 litro",1,2025-01,2025-01,1,desinfetante composicao equilibrada de phmb e tensoativo cationico biodegradavel frasco de 1 l,desinfetante composicao equilibrada de phmb e tensoativo cationico biodegradavel frasco de 1 litro,desinfetante composicao equilibrada de phmb e tensoativo cationico biodegradavel frasco de numero litro,38089411.0,"Desinfetantes, apresentados em formas ou embalagens exclusivamente para uso direto em aplicações domissanitárias, que contenham bromometano (brometo de metila) ou bromoclorometano",biodegradavel: 0.501 | frasco: 0.443 | composicao: 0.423 | litro: 0.407 | desinfetante: 0.347 | de: 0.296,False
