experiment_id,cluster,termos_relevantes,exemplos_centrais,exemplos_distantes,exemplos_aleatorios,descricoes_unicas,frequencia_total,sem_vocabulario,avaliacao_qualitativa,rotulo_humano,observacoes
word_1_1_df5_max10000_k10_seed123,0,em | leite | po | 500g | un | papel | 1l | verde | sabor | biscoito | 200g | ml | rf | doce | com,kaliber pelet | desencrustante | avinucleo f2 | vessarya 1 l | pitomba | wash r,quentinha | projetor benq | toucinho | guarda chuva automatico | jerimum | bebidas refrigerantes,maionese emb 500g | leguminosa variedade ervilha | desodoriz bom ar aero econ 360ml ch talco | amendoim salgado torrado pct c 70gr | salgados diversos para coquitel bregere | papel interfolha 1000 fls celulose virgem,17659,87833,200,REVISAR,,
word_1_1_df5_max10000_k10_seed123,1,de | leite | farinha | milho | frango | com | pao | creme | doce | polpa | 500g | rolo | cabo | carne | suco,postas de cacao | trocador de calor | leite de cabra | carga de gas de 13kg | melhoradior de farinha | resma de papel a4 500fls,inseticida aerosol 400ml buzz off aeroflex onu 1950 clas de risco 2 | item compra 45 desincrostante aplicacao remocao de gorduras carbonizadas lote 1419 | item compra 08 desincrostante aplicacao remocao de gorduras carbonizadas lote 1419 | item 258 luva de protecao termica 30cm 4 fios rs pan | ceia criancas maiores de 05 anos a 08 meses | guardanapo de pano tp tecido oxford comp 40cm lag 40cm caract adc com acabamento,desincrostante aplicacao remocao de gorduras carbonizadas em chapas e equipamentos | raiz de mandioca aimpim com casa | salgado coquetel de milho | raiz de mandioca acond g | file de peixe tilapia sem pele congelado | lanche criancas maiores de 05 anos a 08,2986,12826,0,REVISAR,,
word_1_1_df5_max10000_k10_seed123,9,kg | de | queijo | flv | em | po | batata | verde | polpa | farinha | carne | alho | frango | pct | doce,metiltiofan 1 kg | brocoles kg | biscoitos especiais kg | quimiway attaway podium 1 kg | manjerona kg 1 kg | almondegas kg,sal iodado refinado embal plas kg mar e sol | car bov resf friboi coxao mole bife bj kg | car su resf reser pernil int c o fc kg | coxa sobrecoxa co cp pcte cong seara kg | tangerina mexerica bergamota ou vergamotam pokan kg | fipronil 80 wg guarda 4 kg origem 1,espiga de milho kg | carne bov paleta desossada kg | carne suina lombo kg fat bdja | nucleo ave inicial 25 kg | batata doce kg vermelha | caldo de legumes 1 kg,1971,13916,0,REVISAR,,
word_1_1_df5_max10000_k10_seed123,7,lampada | 12v | led | 24v | farol | 5w | 55w | 6500k | h4 | polo | h7 | philips | bulbo | pingo | polos,lampada deuterio | lampada n382n380n207n501n286n233 | lampada ultravioleta 185nm p milli q gradiente e advantage synt century | lampada navegacao | lampada | lampada sinaleiro,lampada dicroica halopar 16 eco 50w 240v gu10 | lamp 1034 osram 2 polo 7537 21 5w 24v | lamp 2825 pingo d agua 12v 5w hella | lampada da meia luz dianteira l esq sist | lampada da meia luz dianteira l dir sist | lampada biodo farol 12 volts h4 12 c ncm 85 cest 01 071 00,lampada ambar 21w py21w | lampada farol h7 | lampada h11 12v | lampada h 3 | lampada miniatura g6 24v 10w ba15s 5637 gtin 8886454090604 | neolux ne380 lampada 1034 freio 12v 2polos sem gtin,1216,2001,0,REVISAR,,
word_1_1_df5_max10000_k10_seed123,2,tipo | de | fruta | apresentacao | doce | arroz | sabor | condimento | carne | linguica | biscoito | calabresa | natural | legume | feijao,termometro tipo digital | doce tipo bocadito | fruta tipo pinha | biscoito tipo cookers | biscoito tipo pitstop | queijo tipo serrano holandes,pincel pintura predial mat cerdas pelo orelha de boi tipo cabo curto tam 4pol form ret material cabo madeira caracteris | bateria automotiva tipo selada aplicacaogerador tensao nominal 12 v capacidade nominal 100 ah | item compra 01 acidulante tipo liq funcao neutralizador res alc e alvej quimico aplicacao lav hosp lote 2619 | canjica grupo especial no 3 subgrupo despeliculado classe branca qualidade tipo 3 caract adic nao transgenico | lava louca detergente saneante aspecto fisico liquido tipo neutro degradabilidade biodegradavel | item compra 00007 caracteristicas adicionais com acabamento comprimento 40 largura 40 tipo tecido,biscoito doce tipo maria poty pc c 400g | alcool etilico tipo hidratado teor alcoolico 70 70 gl | arroz carijo 5 kg tipo 1 | molho tipo maionese creme embalagem 1 kg ruah | cereal matinal lanches tipo flocos pre cozidos | farinha de milho tipo fuba,1002,4249,0,REVISAR,,
word_1_1_df5_max10000_k10_seed123,3,1kg | farinha | trigo | de | acucar | feijao | sal | refinado | arroz | po | pct | preto | carioca | cristal | mandioca,bovetrix 1kg | metatrix 1kg | gomaks 1kg amendupa | farinha de calcio 1kg calbos | po p gelados comestiveis 1kg | trigo venturelli 1kg,farinha trigo margarida t 1 | farinha trigo | raticida kellmat rosa 1kg 40 x 25g kelldrin | cloreto de sodio pa acs 1kg l 202502966 val 18 02 2031 | cloreto de sodio pa acs 1kg l 202502671 val 05 02 2031 | alimento coadjuvante seco indicado para caes adultos 10 1kg,pimenta biquinho 1kg | arroz arborio italiano gourmetum 1kg | arroz parboilizado tipo 1 sc 1kg | catchup 1kg | acucar ref alto alegre 1kg | far trigo rosa branca s ferm 1kg,869,2231,0,REVISAR,,
word_1_1_df5_max10000_k10_seed123,5,500ml | detergente | ype | multiuso | neutro | liq | limpa | veja | azeite | limp | deterg | limpol | limpador | det | suco,zucs 500ml zacs | processador semiautomatico 500ml | soro fisiologico arboreto 500ml | restaurax 500ml | detergente triel 500ml | detergente 500ml,alcool gel 500ml 70 antisseptico c bico pump hygipart onu 1170 3 ge ii | detergente composicao tesoativos anionicos coadjuvante preservantes fr 500ml marca bio kriss | lustra moveis brilho prat 500ml lav 20 gts bravo | az ita mercatto ev 500ml | dispenser para sabao 500ml bege dc500bgf ou pt 1 un | azeite oliva gomes costa vd 500ml e virg un qtd 1 00 un,limp azulim 500ml multiuso bacteric | det liq ype 500ml capim limao | limpador mult uso veja 500ml uso original 10 desc | sanio limpa evaporador 500ml | tempero caseiro sadio 500ml | lava loucas ype 500ml liq coco,538,1276,0,REVISAR,,
word_1_1_df5_max10000_k10_seed123,4,natura | in | kg | tipo | legume | verdura | fruta | ceasa | unifrutas | alface | pimentao | regional | cebola | verde | couve,buriti in natura | pescado in natura pacu | pescado in natura piau aracu | leite in natura | leite in natura 3 5 | uva in natura,carne bovina in natura corte paleta pa cortada em cubos resfriada rrx | carne suina in natura corte carre bisteca fatiada com osso congelada mypork | carne bovina in natura tipo corte lagarto apresentcao peca inteira estado de conservacao congelada | pepino comum in ntura | carne suina in natura corte costela costelinha cortada resfriada mypork | pera in natural,hf pepino in natura kg | verdura in natura tipo pimentao vermelho | banana prata fruta in natura | brocolis japones in natura un 1 un | maca in natura ceasa | salsa in natura,520,5612,0,REVISAR,,
word_1_1_df5_max10000_k10_seed123,6,agua | mineral | gas | 20 | 20l | litros | sem | 500ml | de | natural | pet | min | lts | sal | galao,agua mineral iaia | agua mineral igara | agua mineral garrafinha | agua mineral | agua mineral 497ml | agua mineral c gas,agua sanit brilux floral 6x2 l | bisc agua sal orquidea 320g | agua sg crystal 1 5l | rolo condor esp agua solv 976 5 cm 976 | biscoito apresentacao quadrada sabor agua e sal | biscoito marilan cracker agua e sal 350g,agua desmineralizada 1 litro | bisc agua e sal marilan pct 350g | agua boa 20 lt | agua mineral de 20 litros lindagua | agua minerale 12x500ml | agua potavel,479,2461,0,REVISAR,,
word_1_1_df5_max10000_k10_seed123,8,cafe | vacuo | torrado | 250g | moido | 500g | tradicional | soluvel | melitta | forte | coracoes | pilao | trad | po | em,cafe | cafe 500g | cafe pontoes 500g vacuo | cafe tradicional cafe pele vacuo 500g | cafe camarada 250g | cafe teeiro 250g,mexedor de plastico para cafe palheta cristal 8755 prafesta pt 250 un | colher descartavel material plastico incolor para cafe pacote com 100 und prafesta | colher descartavel material plastico incolor p cafe pacote com 100 und prafesta | capsula cafe c 10 espresso pleno tres | mexedor de plastico para cafe palheta com 11cm drinque mexa bem pt 500 un | mexedor plastico para cafe palheta com 11cm drinque mexa bem pt 500 un,cafe rosa negra sabor do sertao tradicional vacuo 250gr | cafe capucino 200g | cafe aroma da fazenda tradicional almofadado 500g | cafe 3 coracoes gourmet 250g portinari | cafe export 500gr un01un | copo desc copo rio cafe 50ml c 100,260,712,0,REVISAR,,
