experiment_id,config_name,k,seed,n_init,document_count,sample_size,model_path,vectorizer_path,status,feature_count,zero_vector_fraction,inertia,n_iter,reached_max_iter,actual_clusters,sample_clusters,min_cluster_size,max_cluster_size,largest_cluster_fraction,singleton_clusters,silhouette_cosine,calinski_harabasz,davies_bouldin,metric_note,dense_sample_mb,warnings,elapsed_seconds
word_1_1_df2_max10000_k10_seed42,word_1_1_df2_max10000,10,42,10,27500,1000,C:\Users\samue\Scripts\Nofis-Classifier\notebooks\models\grid_tfidf_kmeans\202501-202504_20261005T220107Z_6270ed96\word_1_1_df2_max10000_k10_seed42.pkl,C:\Users\samue\Scripts\Nofis-Classifier\notebooks\models\grid_tfidf_kmeans\202501-202504_20261005T220107Z_6270ed96\word_1_1_df2_max10000_tfidf.pkl,ok,6639,0.002690909090909091,26208.906234984508,11,False,10,10,272,17353,0.6310181818181818,0,0.028517355175163246,5.48183187247739,5.3062380223057675,,50.65155029296875,,2.5014018999645486
word_1_1_df2_max10000_k10_seed123,word_1_1_df2_max10000,10,123,10,27500,1000,C:\Users\samue\Scripts\Nofis-Classifier\notebooks\models\grid_tfidf_kmeans\202501-202504_20261005T220107Z_6270ed96\word_1_1_df2_max10000_k10_seed123.pkl,C:\Users\samue\Scripts\Nofis-Classifier\notebooks\models\grid_tfidf_kmeans\202501-202504_20261005T220107Z_6270ed96\word_1_1_df2_max10000_tfidf.pkl,ok,6639,0.002690909090909091,26135.11817504365,17,False,10,10,432,17471,0.6353090909090909,0,0.03099452442226171,5.764595211515299,5.195392256910531,,50.65155029296875,,0.6758880999404937
word_1_1_df2_max10000_k10_seed2026,word_1_1_df2_max10000,10,2026,10,27500,1000,C:\Users\samue\Scripts\Nofis-Classifier\notebooks\models\grid_tfidf_kmeans\202501-202504_20261005T220107Z_6270ed96\word_1_1_df2_max10000_k10_seed2026.pkl,C:\Users\samue\Scripts\Nofis-Classifier\notebooks\models\grid_tfidf_kmeans\202501-202504_20261005T220107Z_6270ed96\word_1_1_df2_max10000_tfidf.pkl,ok,6639,0.002690909090909091,26220.312248002032,11,False,10,10,507,17722,0.6444363636363636,0,0.026158079379350913,5.092650044476823,5.29066860350669,,50.65155029296875,,0.7029290999053046
word_1_1_df2_max10000_k15_seed42,word_1_1_df2_max10000,15,42,10,27500,1000,C:\Users\samue\Scripts\Nofis-Classifier\notebooks\models\grid_tfidf_kmeans\202501-202504_20261005T220107Z_6270ed96\word_1_1_df2_max10000_k15_seed42.pkl,C:\Users\samue\Scripts\Nofis-Classifier\notebooks\models\grid_tfidf_kmeans\202501-202504_20261005T220107Z_6270ed96\word_1_1_df2_max10000_tfidf.pkl,ok,6639,0.002690909090909091,25833.74412954226,26,False,15,15,293,15575,0.5663636363636364,0,0.03308417294606875,4.795497528390589,4.866402760881281,,50.65155029296875,,0.7539951000362635
word_1_1_df2_max10000_k15_seed123,word_1_1_df2_max10000,15,123,10,27500,1000,C:\Users\samue\Scripts\Nofis-Classifier\notebooks\models\grid_tfidf_kmeans\202501-202504_20261005T220107Z_6270ed96\word_1_1_df2_max10000_k15_seed123.pkl,C:\Users\samue\Scripts\Nofis-Classifier\notebooks\models\grid_tfidf_kmeans\202501-202504_20261005T220107Z_6270ed96\word_1_1_df2_max10000_tfidf.pkl,ok,6639,0.002690909090909091,25845.261575508965,11,False,15,15,257,15168,0.5515636363636364,0,0.04068117015739409,4.986374478538722,4.9377594880436755,,50.65155029296875,,0.8129337999271229
word_1_1_df2_max10000_k15_seed2026,word_1_1_df2_max10000,15,2026,10,27500,1000,C:\Users\samue\Scripts\Nofis-Classifier\notebooks\models\grid_tfidf_kmeans\202501-202504_20261005T220107Z_6270ed96\word_1_1_df2_max10000_k15_seed2026.pkl,C:\Users\samue\Scripts\Nofis-Classifier\notebooks\models\grid_tfidf_kmeans\202501-202504_20261005T220107Z_6270ed96\word_1_1_df2_max10000_tfidf.pkl,ok,6639,0.002690909090909091,25889.5697268311,15,False,15,15,46,15643,0.5688363636363636,0,0.03485125781953453,4.671142674827403,4.722806959916043,,50.65155029296875,,0.8002907000482082
word_1_1_df2_max10000_k20_seed42,word_1_1_df2_max10000,20,42,10,27500,1000,C:\Users\samue\Scripts\Nofis-Classifier\notebooks\models\grid_tfidf_kmeans\202501-202504_20261005T220107Z_6270ed96\word_1_1_df2_max10000_k20_seed42.pkl,C:\Users\samue\Scripts\Nofis-Classifier\notebooks\models\grid_tfidf_kmeans\202501-202504_20261005T220107Z_6270ed96\word_1_1_df2_max10000_tfidf.pkl,ok,6639,0.002690909090909091,25535.789544252544,24,False,20,20,258,14306,0.5202181818181818,0,0.03773210444277986,4.282100648723508,4.557812689888708,,50.65155029296875,,1.195823899935931
word_1_1_df2_max10000_k20_seed123,word_1_1_df2_max10000,20,123,10,27500,1000,C:\Users\samue\Scripts\Nofis-Classifier\notebooks\models\grid_tfidf_kmeans\202501-202504_20261005T220107Z_6270ed96\word_1_1_df2_max10000_k20_seed123.pkl,C:\Users\samue\Scripts\Nofis-Classifier\notebooks\models\grid_tfidf_kmeans\202501-202504_20261005T220107Z_6270ed96\word_1_1_df2_max10000_tfidf.pkl,ok,6639,0.002690909090909091,25505.69407303825,16,False,20,20,308,14001,0.5091272727272728,0,0.041507287098047733,4.569882551199857,4.6297664691807,,50.65155029296875,,1.1469520000973716
word_1_1_df2_max10000_k20_seed2026,word_1_1_df2_max10000,20,2026,10,27500,1000,C:\Users\samue\Scripts\Nofis-Classifier\notebooks\models\grid_tfidf_kmeans\202501-202504_20261005T220107Z_6270ed96\word_1_1_df2_max10000_k20_seed2026.pkl,C:\Users\samue\Scripts\Nofis-Classifier\notebooks\models\grid_tfidf_kmeans\202501-202504_20261005T220107Z_6270ed96\word_1_1_df2_max10000_tfidf.pkl,ok,6639,0.002690909090909091,25576.81663724098,16,False,20,20,92,13987,0.5086181818181819,0,0.037356730805097896,4.324008955057212,4.63406792832769,,50.65155029296875,,1.351516900002025
word_1_1_df2_max10000_k25_seed42,word_1_1_df2_max10000,25,42,10,27500,1000,C:\Users\samue\Scripts\Nofis-Classifier\notebooks\models\grid_tfidf_kmeans\202501-202504_20261005T220107Z_6270ed96\word_1_1_df2_max10000_k25_seed42.pkl,C:\Users\samue\Scripts\Nofis-Classifier\notebooks\models\grid_tfidf_kmeans\202501-202504_20261005T220107Z_6270ed96\word_1_1_df2_max10000_tfidf.pkl,ok,6639,0.002690909090909091,25237.590851725872,29,False,25,25,140,12628,0.4592,0,0.050494743318559646,4.248328883298886,4.443603191620949,,50.65155029296875,,1.6540421000681818
word_1_1_df2_max10000_k25_seed123,word_1_1_df2_max10000,25,123,10,27500,1000,C:\Users\samue\Scripts\Nofis-Classifier\notebooks\models\grid_tfidf_kmeans\202501-202504_20261005T220107Z_6270ed96\word_1_1_df2_max10000_k25_seed123.pkl,C:\Users\samue\Scripts\Nofis-Classifier\notebooks\models\grid_tfidf_kmeans\202501-202504_20261005T220107Z_6270ed96\word_1_1_df2_max10000_tfidf.pkl,ok,6639,0.002690909090909091,25295.265391830246,22,False,25,25,176,13141,0.4778545454545455,0,0.03909507126320297,4.027757362401578,4.431312785848407,,50.65155029296875,,1.8204648999962956
word_1_1_df2_max10000_k25_seed2026,word_1_1_df2_max10000,25,2026,10,27500,1000,C:\Users\samue\Scripts\Nofis-Classifier\notebooks\models\grid_tfidf_kmeans\202501-202504_20261005T220107Z_6270ed96\word_1_1_df2_max10000_k25_seed2026.pkl,C:\Users\samue\Scripts\Nofis-Classifier\notebooks\models\grid_tfidf_kmeans\202501-202504_20261005T220107Z_6270ed96\word_1_1_df2_max10000_tfidf.pkl,ok,6639,0.002690909090909091,25259.676342193226,22,False,25,25,55,13123,0.4772,0,0.044947399405509375,4.299160343643439,4.343409270852359,,50.65155029296875,,2.0087808000389487
word_1_1_df2_max10000_k30_seed42,word_1_1_df2_max10000,30,42,10,27500,1000,C:\Users\samue\Scripts\Nofis-Classifier\notebooks\models\grid_tfidf_kmeans\202501-202504_20261005T220107Z_6270ed96\word_1_1_df2_max10000_k30_seed42.pkl,C:\Users\samue\Scripts\Nofis-Classifier\notebooks\models\grid_tfidf_kmeans\202501-202504_20261005T220107Z_6270ed96\word_1_1_df2_max10000_tfidf.pkl,ok,6639,0.002690909090909091,25050.427632146977,22,False,30,30,97,11903,0.43283636363636363,0,0.042788011199301396,3.831001723119223,4.249522189126547,,50.65155029296875,,2.290057900012471
word_1_1_df2_max10000_k30_seed123,word_1_1_df2_max10000,30,123,10,27500,1000,C:\Users\samue\Scripts\Nofis-Classifier\notebooks\models\grid_tfidf_kmeans\202501-202504_20261005T220107Z_6270ed96\word_1_1_df2_max10000_k30_seed123.pkl,C:\Users\samue\Scripts\Nofis-Classifier\notebooks\models\grid_tfidf_kmeans\202501-202504_20261005T220107Z_6270ed96\word_1_1_df2_max10000_tfidf.pkl,ok,6639,0.002690909090909091,24967.11413059125,51,False,30,30,169,13636,0.49585454545454544,0,0.046833529343559555,3.9519004452760593,4.022604249158592,,50.65155029296875,,2.298129400005564
word_1_1_df2_max10000_k30_seed2026,word_1_1_df2_max10000,30,2026,10,27500,1000,C:\Users\samue\Scripts\Nofis-Classifier\notebooks\models\grid_tfidf_kmeans\202501-202504_20261005T220107Z_6270ed96\word_1_1_df2_max10000_k30_seed2026.pkl,C:\Users\samue\Scripts\Nofis-Classifier\notebooks\models\grid_tfidf_kmeans\202501-202504_20261005T220107Z_6270ed96\word_1_1_df2_max10000_tfidf.pkl,ok,6639,0.002690909090909091,25039.486069688122,27,False,30,30,145,11945,0.43436363636363634,0,0.05347357374194101,4.046718461176291,4.295419895865964,,50.65155029296875,,2.009026600047946
word_1_1_df2_max10000_k40_seed42,word_1_1_df2_max10000,40,42,10,27500,1000,C:\Users\samue\Scripts\Nofis-Classifier\notebooks\models\grid_tfidf_kmeans\202501-202504_20261005T220107Z_6270ed96\word_1_1_df2_max10000_k40_seed42.pkl,C:\Users\samue\Scripts\Nofis-Classifier\notebooks\models\grid_tfidf_kmeans\202501-202504_20261005T220107Z_6270ed96\word_1_1_df2_max10000_tfidf.pkl,ok,6639,0.002690909090909091,24532.560727965803,19,False,40,40,106,10351,0.3764,0,0.05787080802619141,3.666310808997482,4.000437186468096,,50.65155029296875,,2.8198332999600098
word_1_1_df2_max10000_k40_seed123,word_1_1_df2_max10000,40,123,10,27500,1000,C:\Users\samue\Scripts\Nofis-Classifier\notebooks\models\grid_tfidf_kmeans\202501-202504_20261005T220107Z_6270ed96\word_1_1_df2_max10000_k40_seed123.pkl,C:\Users\samue\Scripts\Nofis-Classifier\notebooks\models\grid_tfidf_kmeans\202501-202504_20261005T220107Z_6270ed96\word_1_1_df2_max10000_tfidf.pkl,ok,6639,0.002690909090909091,24620.982604315395,23,False,40,40,95,11229,0.4083272727272727,0,0.05369226193690365,3.4607690609532975,3.8162780160578422,,50.65155029296875,,3.9265832999954
word_1_1_df2_max10000_k40_seed2026,word_1_1_df2_max10000,40,2026,10,27500,1000,C:\Users\samue\Scripts\Nofis-Classifier\notebooks\models\grid_tfidf_kmeans\202501-202504_20261005T220107Z_6270ed96\word_1_1_df2_max10000_k40_seed2026.pkl,C:\Users\samue\Scripts\Nofis-Classifier\notebooks\models\grid_tfidf_kmeans\202501-202504_20261005T220107Z_6270ed96\word_1_1_df2_max10000_tfidf.pkl,ok,6639,0.002690909090909091,24578.076319927583,36,False,40,40,86,10826,0.3936727272727273,0,0.05269048241740908,3.627523945523967,3.913388911195953,,50.65155029296875,,3.1765581000363454
word_1_1_df2_max10000_k60_seed42,word_1_1_df2_max10000,60,42,10,27500,1000,C:\Users\samue\Scripts\Nofis-Classifier\notebooks\models\grid_tfidf_kmeans\202501-202504_20261005T220107Z_6270ed96\word_1_1_df2_max10000_k60_seed42.pkl,C:\Users\samue\Scripts\Nofis-Classifier\notebooks\models\grid_tfidf_kmeans\202501-202504_20261005T220107Z_6270ed96\word_1_1_df2_max10000_tfidf.pkl,ok,6639,0.002690909090909091,23835.308215332458,35,False,60,60,75,8505,0.30927272727272725,0,0.05599033429114031,3.169839835820635,3.5498164322329893,,50.65155029296875,,5.207574100000784
word_1_1_df2_max10000_k60_seed123,word_1_1_df2_max10000,60,123,10,27500,1000,C:\Users\samue\Scripts\Nofis-Classifier\notebooks\models\grid_tfidf_kmeans\202501-202504_20261005T220107Z_6270ed96\word_1_1_df2_max10000_k60_seed123.pkl,C:\Users\samue\Scripts\Nofis-Classifier\notebooks\models\grid_tfidf_kmeans\202501-202504_20261005T220107Z_6270ed96\word_1_1_df2_max10000_tfidf.pkl,ok,6639,0.002690909090909091,23831.668319645316,33,False,60,59,56,9082,0.33025454545454547,0,0.05497372610189269,3.1091192760786224,3.43043486519259,,50.65155029296875,,4.8798345000250265
word_1_1_df2_max10000_k60_seed2026,word_1_1_df2_max10000,60,2026,10,27500,1000,C:\Users\samue\Scripts\Nofis-Classifier\notebooks\models\grid_tfidf_kmeans\202501-202504_20261005T220107Z_6270ed96\word_1_1_df2_max10000_k60_seed2026.pkl,C:\Users\samue\Scripts\Nofis-Classifier\notebooks\models\grid_tfidf_kmeans\202501-202504_20261005T220107Z_6270ed96\word_1_1_df2_max10000_tfidf.pkl,ok,6639,0.002690909090909091,23894.96391129978,31,False,60,59,20,8261,0.3004,0,0.060339272444051635,3.1675514867725445,3.614510154499084,,50.65155029296875,,4.460029099951498
word_1_1_df2_max10000_k80_seed42,word_1_1_df2_max10000,80,42,10,27500,1000,C:\Users\samue\Scripts\Nofis-Classifier\notebooks\models\grid_tfidf_kmeans\202501-202504_20261005T220107Z_6270ed96\word_1_1_df2_max10000_k80_seed42.pkl,C:\Users\samue\Scripts\Nofis-Classifier\notebooks\models\grid_tfidf_kmeans\202501-202504_20261005T220107Z_6270ed96\word_1_1_df2_max10000_tfidf.pkl,ok,6639,0.002690909090909091,23267.075160483415,27,False,80,80,22,7370,0.268,0,0.06020288598984513,2.836222229056823,3.2212761642890952,,50.65155029296875,,5.757308200001717
word_1_1_df2_max10000_k80_seed123,word_1_1_df2_max10000,80,123,10,27500,1000,C:\Users\samue\Scripts\Nofis-Classifier\notebooks\models\grid_tfidf_kmeans\202501-202504_20261005T220107Z_6270ed96\word_1_1_df2_max10000_k80_seed123.pkl,C:\Users\samue\Scripts\Nofis-Classifier\notebooks\models\grid_tfidf_kmeans\202501-202504_20261005T220107Z_6270ed96\word_1_1_df2_max10000_tfidf.pkl,ok,6639,0.002690909090909091,23256.372130369975,26,False,80,80,23,7419,0.2697818181818182,0,0.061678137216482104,2.9169714154271333,3.209947078866456,,50.65155029296875,,6.079613099922426
word_1_1_df2_max10000_k80_seed2026,word_1_1_df2_max10000,80,2026,10,27500,1000,C:\Users\samue\Scripts\Nofis-Classifier\notebooks\models\grid_tfidf_kmeans\202501-202504_20261005T220107Z_6270ed96\word_1_1_df2_max10000_k80_seed2026.pkl,C:\Users\samue\Scripts\Nofis-Classifier\notebooks\models\grid_tfidf_kmeans\202501-202504_20261005T220107Z_6270ed96\word_1_1_df2_max10000_tfidf.pkl,ok,6639,0.002690909090909091,23302.51534537824,31,False,80,80,49,8212,0.29861818181818184,0,0.06713424370693634,2.9118688714477052,3.184483173028128,,50.65155029296875,,6.544671099982224
word_1_1_df5_max10000_k10_seed42,word_1_1_df5_max10000,10,42,10,27500,1000,C:\Users\samue\Scripts\Nofis-Classifier\notebooks\models\grid_tfidf_kmeans\202501-202504_20261005T220107Z_6270ed96\word_1_1_df5_max10000_k10_seed42.pkl,C:\Users\samue\Scripts\Nofis-Classifier\notebooks\models\grid_tfidf_kmeans\202501-202504_20261005T220107Z_6270ed96\word_1_1_df5_max10000_tfidf.pkl,ok,3215,0.007272727272727273,25967.880842201288,14,False,10,10,127,18061,0.6567636363636363,0,0.029756300907711968,6.0266999161728565,4.826580697778914,,24.52850341796875,,0.5806739999679849
word_1_1_df5_max10000_k10_seed123,word_1_1_df5_max10000,10,123,10,27500,1000,C:\Users\samue\Scripts\Nofis-Classifier\notebooks\models\grid_tfidf_kmeans\202501-202504_20261005T220107Z_6270ed96\word_1_1_df5_max10000_k10_seed123.pkl,C:\Users\samue\Scripts\Nofis-Classifier\notebooks\models\grid_tfidf_kmeans\202501-202504_20261005T220107Z_6270ed96\word_1_1_df5_max10000_tfidf.pkl,ok,3215,0.007272727272727273,25927.879473972862,11,False,10,10,260,17659,0.6421454545454546,0,0.03269478857020711,6.2699308624341485,4.766415277832886,,24.52850341796875,,0.5908939000219107
word_1_1_df5_max10000_k10_seed2026,word_1_1_df5_max10000,10,2026,10,27500,1000,C:\Users\samue\Scripts\Nofis-Classifier\notebooks\models\grid_tfidf_kmeans\202501-202504_20261005T220107Z_6270ed96\word_1_1_df5_max10000_k10_seed2026.pkl,C:\Users\samue\Scripts\Nofis-Classifier\notebooks\models\grid_tfidf_kmeans\202501-202504_20261005T220107Z_6270ed96\word_1_1_df5_max10000_tfidf.pkl,ok,3215,0.007272727272727273,25935.563185856587,16,False,10,10,456,16502,0.6000727272727273,0,0.03521216904873606,6.29060187845662,5.211843988172147,,24.52850341796875,,0.6045169000281021
word_1_1_df5_max10000_k15_seed42,word_1_1_df5_max10000,15,42,10,27500,1000,C:\Users\samue\Scripts\Nofis-Classifier\notebooks\models\grid_tfidf_kmeans\202501-202504_20261005T220107Z_6270ed96\word_1_1_df5_max10000_k15_seed42.pkl,C:\Users\samue\Scripts\Nofis-Classifier\notebooks\models\grid_tfidf_kmeans\202501-202504_20261005T220107Z_6270ed96\word_1_1_df5_max10000_tfidf.pkl,ok,3215,0.007272727272727273,25461.084334286945,21,False,15,15,355,14877,0.5409818181818182,0,0.0452635519216075,5.555973974431574,4.6493027182403175,,24.52850341796875,,0.7744087999453768
word_1_1_df5_max10000_k15_seed123,word_1_1_df5_max10000,15,123,10,27500,1000,C:\Users\samue\Scripts\Nofis-Classifier\notebooks\models\grid_tfidf_kmeans\202501-202504_20261005T220107Z_6270ed96\word_1_1_df5_max10000_k15_seed123.pkl,C:\Users\samue\Scripts\Nofis-Classifier\notebooks\models\grid_tfidf_kmeans\202501-202504_20261005T220107Z_6270ed96\word_1_1_df5_max10000_tfidf.pkl,ok,3215,0.007272727272727273,25501.59842594074,36,False,15,15,238,15357,0.5584363636363636,0,0.042202305090329045,5.575948127292964,4.5776993637584,,24.52850341796875,,0.8718293999554589
word_1_1_df5_max10000_k15_seed2026,word_1_1_df5_max10000,15,2026,10,27500,1000,C:\Users\samue\Scripts\Nofis-Classifier\notebooks\models\grid_tfidf_kmeans\202501-202504_20261005T220107Z_6270ed96\word_1_1_df5_max10000_k15_seed2026.pkl,C:\Users\samue\Scripts\Nofis-Classifier\notebooks\models\grid_tfidf_kmeans\202501-202504_20261005T220107Z_6270ed96\word_1_1_df5_max10000_tfidf.pkl,ok,3215,0.007272727272727273,25611.3432218805,20,False,15,15,193,16365,0.5950909090909091,0,0.03854107965666472,5.241517871513199,4.475535117891996,,24.52850341796875,,0.74420340009965
word_1_1_df5_max10000_k20_seed42,word_1_1_df5_max10000,20,42,10,27500,1000,C:\Users\samue\Scripts\Nofis-Classifier\notebooks\models\grid_tfidf_kmeans\202501-202504_20261005T220107Z_6270ed96\word_1_1_df5_max10000_k20_seed42.pkl,C:\Users\samue\Scripts\Nofis-Classifier\notebooks\models\grid_tfidf_kmeans\202501-202504_20261005T220107Z_6270ed96\word_1_1_df5_max10000_tfidf.pkl,ok,3215,0.007272727272727273,25158.34620692768,15,False,20,20,310,13683,0.4975636363636364,0,0.049338256803262114,5.075040339343938,4.371800102430743,,24.52850341796875,,0.9531562000047415
word_1_1_df5_max10000_k20_seed123,word_1_1_df5_max10000,20,123,10,27500,1000,C:\Users\samue\Scripts\Nofis-Classifier\notebooks\models\grid_tfidf_kmeans\202501-202504_20261005T220107Z_6270ed96\word_1_1_df5_max10000_k20_seed123.pkl,C:\Users\samue\Scripts\Nofis-Classifier\notebooks\models\grid_tfidf_kmeans\202501-202504_20261005T220107Z_6270ed96\word_1_1_df5_max10000_tfidf.pkl,ok,3215,0.007272727272727273,25211.05027598667,30,False,20,20,223,14397,0.5235272727272727,0,0.040565142909485076,4.88876279962732,4.301775679120225,,24.52850341796875,,1.1028558999532834
word_1_1_df5_max10000_k20_seed2026,word_1_1_df5_max10000,20,2026,10,27500,1000,C:\Users\samue\Scripts\Nofis-Classifier\notebooks\models\grid_tfidf_kmeans\202501-202504_20261005T220107Z_6270ed96\word_1_1_df5_max10000_k20_seed2026.pkl,C:\Users\samue\Scripts\Nofis-Classifier\notebooks\models\grid_tfidf_kmeans\202501-202504_20261005T220107Z_6270ed96\word_1_1_df5_max10000_tfidf.pkl,ok,3215,0.007272727272727273,25235.027142814688,24,False,20,20,244,15091,0.5487636363636363,0,0.04006257001528299,4.911423424408344,4.118514081609014,,24.52850341796875,,2.1277278000488877
word_1_1_df5_max10000_k25_seed42,word_1_1_df5_max10000,25,42,10,27500,1000,C:\Users\samue\Scripts\Nofis-Classifier\notebooks\models\grid_tfidf_kmeans\202501-202504_20261005T220107Z_6270ed96\word_1_1_df5_max10000_k25_seed42.pkl,C:\Users\samue\Scripts\Nofis-Classifier\notebooks\models\grid_tfidf_kmeans\202501-202504_20261005T220107Z_6270ed96\word_1_1_df5_max10000_tfidf.pkl,ok,3215,0.007272727272727273,24892.315538473966,19,False,25,25,176,13119,0.47705454545454545,0,0.04845942605020621,4.434860420327215,4.051570883363979,,24.52850341796875,,1.742602700018324
word_1_1_df5_max10000_k25_seed123,word_1_1_df5_max10000,25,123,10,27500,1000,C:\Users\samue\Scripts\Nofis-Classifier\notebooks\models\grid_tfidf_kmeans\202501-202504_20261005T220107Z_6270ed96\word_1_1_df5_max10000_k25_seed123.pkl,C:\Users\samue\Scripts\Nofis-Classifier\notebooks\models\grid_tfidf_kmeans\202501-202504_20261005T220107Z_6270ed96\word_1_1_df5_max10000_tfidf.pkl,ok,3215,0.007272727272727273,24937.075102986822,28,False,25,25,171,12999,0.4726909090909091,0,0.05096825127043482,4.617600540368901,4.158344633026849,,24.52850341796875,,2.447395300026983
word_1_1_df5_max10000_k25_seed2026,word_1_1_df5_max10000,25,2026,10,27500,1000,C:\Users\samue\Scripts\Nofis-Classifier\notebooks\models\grid_tfidf_kmeans\202501-202504_20261005T220107Z_6270ed96\word_1_1_df5_max10000_k25_seed2026.pkl,C:\Users\samue\Scripts\Nofis-Classifier\notebooks\models\grid_tfidf_kmeans\202501-202504_20261005T220107Z_6270ed96\word_1_1_df5_max10000_tfidf.pkl,ok,3215,0.007272727272727273,24863.581635294777,27,False,25,25,173,12653,0.4601090909090909,0,0.0504820257592675,4.5623089502688305,4.146762401451252,,24.52850341796875,,2.048531699925661
word_1_1_df5_max10000_k30_seed42,word_1_1_df5_max10000,30,42,10,27500,1000,C:\Users\samue\Scripts\Nofis-Classifier\notebooks\models\grid_tfidf_kmeans\202501-202504_20261005T220107Z_6270ed96\word_1_1_df5_max10000_k30_seed42.pkl,C:\Users\samue\Scripts\Nofis-Classifier\notebooks\models\grid_tfidf_kmeans\202501-202504_20261005T220107Z_6270ed96\word_1_1_df5_max10000_tfidf.pkl,ok,3215,0.007272727272727273,24613.69875827326,31,False,30,30,239,11233,0.40847272727272727,0,0.05472901217213382,4.374273223942581,4.154150603717203,,24.52850341796875,,2.562318200012669
word_1_1_df5_max10000_k30_seed123,word_1_1_df5_max10000,30,123,10,27500,1000,C:\Users\samue\Scripts\Nofis-Classifier\notebooks\models\grid_tfidf_kmeans\202501-202504_20261005T220107Z_6270ed96\word_1_1_df5_max10000_k30_seed123.pkl,C:\Users\samue\Scripts\Nofis-Classifier\notebooks\models\grid_tfidf_kmeans\202501-202504_20261005T220107Z_6270ed96\word_1_1_df5_max10000_tfidf.pkl,ok,3215,0.007272727272727273,24615.750408561977,17,False,30,30,29,12452,0.4528,0,0.04877392795848652,4.2913440183989495,3.893572439561993,,24.52850341796875,,3.11359339999035
word_1_1_df5_max10000_k30_seed2026,word_1_1_df5_max10000,30,2026,10,27500,1000,C:\Users\samue\Scripts\Nofis-Classifier\notebooks\models\grid_tfidf_kmeans\202501-202504_20261005T220107Z_6270ed96\word_1_1_df5_max10000_k30_seed2026.pkl,C:\Users\samue\Scripts\Nofis-Classifier\notebooks\models\grid_tfidf_kmeans\202501-202504_20261005T220107Z_6270ed96\word_1_1_df5_max10000_tfidf.pkl,ok,3215,0.007272727272727273,24640.616399109353,29,False,30,30,178,11682,0.4248,0,0.05042055238112531,4.250671940537052,4.07232402796827,,24.52850341796875,,2.5488170000026003
word_1_1_df5_max10000_k40_seed42,word_1_1_df5_max10000,40,42,10,27500,1000,C:\Users\samue\Scripts\Nofis-Classifier\notebooks\models\grid_tfidf_kmeans\202501-202504_20261005T220107Z_6270ed96\word_1_1_df5_max10000_k40_seed42.pkl,C:\Users\samue\Scripts\Nofis-Classifier\notebooks\models\grid_tfidf_kmeans\202501-202504_20261005T220107Z_6270ed96\word_1_1_df5_max10000_tfidf.pkl,ok,3215,0.007272727272727273,24118.03687358633,31,False,40,40,101,10561,0.3840363636363636,0,0.06640826873417514,4.122893652124392,3.7452156559553287,,24.52850341796875,,3.2594122999580577
word_1_1_df5_max10000_k40_seed123,word_1_1_df5_max10000,40,123,10,27500,1000,C:\Users\samue\Scripts\Nofis-Classifier\notebooks\models\grid_tfidf_kmeans\202501-202504_20261005T220107Z_6270ed96\word_1_1_df5_max10000_k40_seed123.pkl,C:\Users\samue\Scripts\Nofis-Classifier\notebooks\models\grid_tfidf_kmeans\202501-202504_20261005T220107Z_6270ed96\word_1_1_df5_max10000_tfidf.pkl,ok,3215,0.007272727272727273,24212.64790446974,20,False,40,40,36,10546,0.3834909090909091,0,0.05246146157891995,3.8695656188942564,3.761753146035892,,24.52850341796875,,4.1522092000814155
word_1_1_df5_max10000_k40_seed2026,word_1_1_df5_max10000,40,2026,10,27500,1000,C:\Users\samue\Scripts\Nofis-Classifier\notebooks\models\grid_tfidf_kmeans\202501-202504_20261005T220107Z_6270ed96\word_1_1_df5_max10000_k40_seed2026.pkl,C:\Users\samue\Scripts\Nofis-Classifier\notebooks\models\grid_tfidf_kmeans\202501-202504_20261005T220107Z_6270ed96\word_1_1_df5_max10000_tfidf.pkl,ok,3215,0.007272727272727273,24135.37645353421,33,False,40,40,49,10939,0.3977818181818182,0,0.0546140028019356,3.8202602590711168,3.7131486608394852,,24.52850341796875,,3.9585166999604553
word_1_1_df5_max10000_k60_seed42,word_1_1_df5_max10000,60,42,10,27500,1000,C:\Users\samue\Scripts\Nofis-Classifier\notebooks\models\grid_tfidf_kmeans\202501-202504_20261005T220107Z_6270ed96\word_1_1_df5_max10000_k60_seed42.pkl,C:\Users\samue\Scripts\Nofis-Classifier\notebooks\models\grid_tfidf_kmeans\202501-202504_20261005T220107Z_6270ed96\word_1_1_df5_max10000_tfidf.pkl,ok,3215,0.007272727272727273,23273.18778860161,22,False,60,60,90,8313,0.3022909090909091,0,0.07712633362081613,3.6614895716194185,3.3543379898069268,,24.52850341796875,,5.05759650003165
word_1_1_df5_max10000_k60_seed123,word_1_1_df5_max10000,60,123,10,27500,1000,C:\Users\samue\Scripts\Nofis-Classifier\notebooks\models\grid_tfidf_kmeans\202501-202504_20261005T220107Z_6270ed96\word_1_1_df5_max10000_k60_seed123.pkl,C:\Users\samue\Scripts\Nofis-Classifier\notebooks\models\grid_tfidf_kmeans\202501-202504_20261005T220107Z_6270ed96\word_1_1_df5_max10000_tfidf.pkl,ok,3215,0.007272727272727273,23351.701474508955,29,False,60,60,39,9618,0.3497454545454545,0,0.06158055660703875,3.4338660053183374,3.238740740307442,,24.52850341796875,,3.9870813000015914
word_1_1_df5_max10000_k60_seed2026,word_1_1_df5_max10000,60,2026,10,27500,1000,C:\Users\samue\Scripts\Nofis-Classifier\notebooks\models\grid_tfidf_kmeans\202501-202504_20261005T220107Z_6270ed96\word_1_1_df5_max10000_k60_seed2026.pkl,C:\Users\samue\Scripts\Nofis-Classifier\notebooks\models\grid_tfidf_kmeans\202501-202504_20261005T220107Z_6270ed96\word_1_1_df5_max10000_tfidf.pkl,ok,3215,0.007272727272727273,23398.282393504618,24,False,60,59,20,8717,0.3169818181818182,0,0.060761582720353674,3.4191258732452265,3.416071376268747,,24.52850341796875,,3.4727070999797434
word_1_1_df5_max10000_k80_seed42,word_1_1_df5_max10000,80,42,10,27500,1000,C:\Users\samue\Scripts\Nofis-Classifier\notebooks\models\grid_tfidf_kmeans\202501-202504_20261005T220107Z_6270ed96\word_1_1_df5_max10000_k80_seed42.pkl,C:\Users\samue\Scripts\Nofis-Classifier\notebooks\models\grid_tfidf_kmeans\202501-202504_20261005T220107Z_6270ed96\word_1_1_df5_max10000_tfidf.pkl,ok,3215,0.007272727272727273,22720.81862102985,20,False,80,80,54,7489,0.27232727272727275,0,0.06741355649671651,3.1824823290019446,3.0512777458986946,,24.52850341796875,,4.395075700012967
word_1_1_df5_max10000_k80_seed123,word_1_1_df5_max10000,80,123,10,27500,1000,C:\Users\samue\Scripts\Nofis-Classifier\notebooks\models\grid_tfidf_kmeans\202501-202504_20261005T220107Z_6270ed96\word_1_1_df5_max10000_k80_seed123.pkl,C:\Users\samue\Scripts\Nofis-Classifier\notebooks\models\grid_tfidf_kmeans\202501-202504_20261005T220107Z_6270ed96\word_1_1_df5_max10000_tfidf.pkl,ok,3215,0.007272727272727273,22964.368343987226,24,False,80,75,19,10504,0.38196363636363634,0,0.03965568681542459,2.94876162863061,2.7208956256030414,,24.52850341796875,,4.565526799997315
word_1_1_df5_max10000_k80_seed2026,word_1_1_df5_max10000,80,2026,10,27500,1000,C:\Users\samue\Scripts\Nofis-Classifier\notebooks\models\grid_tfidf_kmeans\202501-202504_20261005T220107Z_6270ed96\word_1_1_df5_max10000_k80_seed2026.pkl,C:\Users\samue\Scripts\Nofis-Classifier\notebooks\models\grid_tfidf_kmeans\202501-202504_20261005T220107Z_6270ed96\word_1_1_df5_max10000_tfidf.pkl,ok,3215,0.007272727272727273,22654.789388823483,25,False,80,79,8,7543,0.2742909090909091,0,0.07805671871340734,3.3427366352505263,3.068524126212318,,24.52850341796875,,5.074979600030929
word_1_2_df2_max10000_k10_seed42,word_1_2_df2_max10000,10,42,10,27500,1000,C:\Users\samue\Scripts\Nofis-Classifier\notebooks\models\grid_tfidf_kmeans\202501-202504_20261005T220107Z_6270ed96\word_1_2_df2_max10000_k10_seed42.pkl,C:\Users\samue\Scripts\Nofis-Classifier\notebooks\models\grid_tfidf_kmeans\202501-202504_20261005T220107Z_6270ed96\word_1_2_df2_max10000_tfidf.pkl,ok,10000,0.005709090909090909,26427.4513876361,30,False,10,10,326,17841,0.6487636363636363,0,0.022711879097356204,4.406639825178425,5.94427203105989,,76.2939453125,,0.9224157999269664
word_1_2_df2_max10000_k10_seed123,word_1_2_df2_max10000,10,123,10,27500,1000,C:\Users\samue\Scripts\Nofis-Classifier\notebooks\models\grid_tfidf_kmeans\202501-202504_20261005T220107Z_6270ed96\word_1_2_df2_max10000_k10_seed123.pkl,C:\Users\samue\Scripts\Nofis-Classifier\notebooks\models\grid_tfidf_kmeans\202501-202504_20261005T220107Z_6270ed96\word_1_2_df2_max10000_tfidf.pkl,ok,10000,0.005709090909090909,26523.4682945597,30,False,10,10,337,18921,0.6880363636363637,0,0.01860254037250953,3.883802900172304,5.912832455810097,,76.2939453125,,1.4294509999454021
word_1_2_df2_max10000_k10_seed2026,word_1_2_df2_max10000,10,2026,10,27500,1000,C:\Users\samue\Scripts\Nofis-Classifier\notebooks\models\grid_tfidf_kmeans\202501-202504_20261005T220107Z_6270ed96\word_1_2_df2_max10000_k10_seed2026.pkl,C:\Users\samue\Scripts\Nofis-Classifier\notebooks\models\grid_tfidf_kmeans\202501-202504_20261005T220107Z_6270ed96\word_1_2_df2_max10000_tfidf.pkl,ok,10000,0.005709090909090909,26498.80244793809,13,False,10,10,334,19196,0.6980363636363637,0,0.014471174357340171,3.882650500246076,5.441981194095211,,76.2939453125,,1.0015595000004396
word_1_2_df2_max10000_k15_seed42,word_1_2_df2_max10000,15,42,10,27500,1000,C:\Users\samue\Scripts\Nofis-Classifier\notebooks\models\grid_tfidf_kmeans\202501-202504_20261005T220107Z_6270ed96\word_1_2_df2_max10000_k15_seed42.pkl,C:\Users\samue\Scripts\Nofis-Classifier\notebooks\models\grid_tfidf_kmeans\202501-202504_20261005T220107Z_6270ed96\word_1_2_df2_max10000_tfidf.pkl,ok,10000,0.005709090909090909,26228.080471384346,16,False,15,15,41,15505,0.5638181818181818,0,0.025758764969532687,3.6785186107933705,5.444725891922084,,76.2939453125,,1.4934522999683395
word_1_2_df2_max10000_k15_seed123,word_1_2_df2_max10000,15,123,10,27500,1000,C:\Users\samue\Scripts\Nofis-Classifier\notebooks\models\grid_tfidf_kmeans\202501-202504_20261005T220107Z_6270ed96\word_1_2_df2_max10000_k15_seed123.pkl,C:\Users\samue\Scripts\Nofis-Classifier\notebooks\models\grid_tfidf_kmeans\202501-202504_20261005T220107Z_6270ed96\word_1_2_df2_max10000_tfidf.pkl,ok,10000,0.005709090909090909,26265.02051145112,32,False,15,15,266,15946,0.5798545454545454,0,0.017798658290327316,3.403773398352219,5.5412524541050905,,76.2939453125,,2.00469620001968
word_1_2_df2_max10000_k15_seed2026,word_1_2_df2_max10000,15,2026,10,27500,1000,C:\Users\samue\Scripts\Nofis-Classifier\notebooks\models\grid_tfidf_kmeans\202501-202504_20261005T220107Z_6270ed96\word_1_2_df2_max10000_k15_seed2026.pkl,C:\Users\samue\Scripts\Nofis-Classifier\notebooks\models\grid_tfidf_kmeans\202501-202504_20261005T220107Z_6270ed96\word_1_2_df2_max10000_tfidf.pkl,ok,10000,0.005709090909090909,26235.911325699013,24,False,15,15,330,15722,0.571709090909091,0,0.020395654178699787,3.4604763224912998,5.600933817269809,,76.2939453125,,1.6454150000354275
word_1_2_df2_max10000_k20_seed42,word_1_2_df2_max10000,20,42,10,27500,1000,C:\Users\samue\Scripts\Nofis-Classifier\notebooks\models\grid_tfidf_kmeans\202501-202504_20261005T220107Z_6270ed96\word_1_2_df2_max10000_k20_seed42.pkl,C:\Users\samue\Scripts\Nofis-Classifier\notebooks\models\grid_tfidf_kmeans\202501-202504_20261005T220107Z_6270ed96\word_1_2_df2_max10000_tfidf.pkl,ok,10000,0.005709090909090909,25969.720341411878,28,False,20,20,144,15339,0.5577818181818182,0,0.027040257352956124,3.3791864240352862,4.835394114982763,,76.2939453125,,2.392174799926579
word_1_2_df2_max10000_k20_seed123,word_1_2_df2_max10000,20,123,10,27500,1000,C:\Users\samue\Scripts\Nofis-Classifier\notebooks\models\grid_tfidf_kmeans\202501-202504_20261005T220107Z_6270ed96\word_1_2_df2_max10000_k20_seed123.pkl,C:\Users\samue\Scripts\Nofis-Classifier\notebooks\models\grid_tfidf_kmeans\202501-202504_20261005T220107Z_6270ed96\word_1_2_df2_max10000_tfidf.pkl,ok,10000,0.005709090909090909,25946.80722508446,23,False,20,20,162,14954,0.5437818181818181,0,0.02882674934977326,3.434053234417045,4.934102407971947,,76.2939453125,,2.29180499992799
word_1_2_df2_max10000_k20_seed2026,word_1_2_df2_max10000,20,2026,10,27500,1000,C:\Users\samue\Scripts\Nofis-Classifier\notebooks\models\grid_tfidf_kmeans\202501-202504_20261005T220107Z_6270ed96\word_1_2_df2_max10000_k20_seed2026.pkl,C:\Users\samue\Scripts\Nofis-Classifier\notebooks\models\grid_tfidf_kmeans\202501-202504_20261005T220107Z_6270ed96\word_1_2_df2_max10000_tfidf.pkl,ok,10000,0.005709090909090909,25988.767141133187,23,False,20,20,162,14648,0.5326545454545455,0,0.02927023485873724,3.4911137481488397,5.1068700058134775,,76.2939453125,,2.457549700047821
word_1_2_df2_max10000_k25_seed42,word_1_2_df2_max10000,25,42,10,27500,1000,C:\Users\samue\Scripts\Nofis-Classifier\notebooks\models\grid_tfidf_kmeans\202501-202504_20261005T220107Z_6270ed96\word_1_2_df2_max10000_k25_seed42.pkl,C:\Users\samue\Scripts\Nofis-Classifier\notebooks\models\grid_tfidf_kmeans\202501-202504_20261005T220107Z_6270ed96\word_1_2_df2_max10000_tfidf.pkl,ok,10000,0.005709090909090909,25813.453286612395,36,False,25,25,130,12701,0.46185454545454546,0,0.030905714846956457,3.2145804217022134,4.9613072593752285,,76.2939453125,,3.3882674000924453
word_1_2_df2_max10000_k25_seed123,word_1_2_df2_max10000,25,123,10,27500,1000,C:\Users\samue\Scripts\Nofis-Classifier\notebooks\models\grid_tfidf_kmeans\202501-202504_20261005T220107Z_6270ed96\word_1_2_df2_max10000_k25_seed123.pkl,C:\Users\samue\Scripts\Nofis-Classifier\notebooks\models\grid_tfidf_kmeans\202501-202504_20261005T220107Z_6270ed96\word_1_2_df2_max10000_tfidf.pkl,ok,10000,0.005709090909090909,25742.66601128857,15,False,25,25,221,13793,0.5015636363636363,0,0.029832491004252157,3.1840255662234034,4.7490378924147185,,76.2939453125,,3.1625495000043884
word_1_2_df2_max10000_k25_seed2026,word_1_2_df2_max10000,25,2026,10,27500,1000,C:\Users\samue\Scripts\Nofis-Classifier\notebooks\models\grid_tfidf_kmeans\202501-202504_20261005T220107Z_6270ed96\word_1_2_df2_max10000_k25_seed2026.pkl,C:\Users\samue\Scripts\Nofis-Classifier\notebooks\models\grid_tfidf_kmeans\202501-202504_20261005T220107Z_6270ed96\word_1_2_df2_max10000_tfidf.pkl,ok,10000,0.005709090909090909,25720.743701665942,18,False,25,25,198,13768,0.5006545454545455,0,0.032306075338146154,3.2660842979796927,4.687875693765218,,76.2939453125,,2.562698299996555
word_1_2_df2_max10000_k30_seed42,word_1_2_df2_max10000,30,42,10,27500,1000,C:\Users\samue\Scripts\Nofis-Classifier\notebooks\models\grid_tfidf_kmeans\202501-202504_20261005T220107Z_6270ed96\word_1_2_df2_max10000_k30_seed42.pkl,C:\Users\samue\Scripts\Nofis-Classifier\notebooks\models\grid_tfidf_kmeans\202501-202504_20261005T220107Z_6270ed96\word_1_2_df2_max10000_tfidf.pkl,ok,10000,0.005709090909090909,25593.22922910212,20,False,30,30,74,12359,0.44941818181818183,0,0.0330572493300438,3.1240950942900505,4.666073519137308,,76.2939453125,,3.6093715999741107
word_1_2_df2_max10000_k30_seed123,word_1_2_df2_max10000,30,123,10,27500,1000,C:\Users\samue\Scripts\Nofis-Classifier\notebooks\models\grid_tfidf_kmeans\202501-202504_20261005T220107Z_6270ed96\word_1_2_df2_max10000_k30_seed123.pkl,C:\Users\samue\Scripts\Nofis-Classifier\notebooks\models\grid_tfidf_kmeans\202501-202504_20261005T220107Z_6270ed96\word_1_2_df2_max10000_tfidf.pkl,ok,10000,0.005709090909090909,25596.651890425557,41,False,30,30,154,13070,0.4752727272727273,0,0.031524594674470614,3.069217262205606,4.561784452482522,,76.2939453125,,4.747986900038086
word_1_2_df2_max10000_k30_seed2026,word_1_2_df2_max10000,30,2026,10,27500,1000,C:\Users\samue\Scripts\Nofis-Classifier\notebooks\models\grid_tfidf_kmeans\202501-202504_20261005T220107Z_6270ed96\word_1_2_df2_max10000_k30_seed2026.pkl,C:\Users\samue\Scripts\Nofis-Classifier\notebooks\models\grid_tfidf_kmeans\202501-202504_20261005T220107Z_6270ed96\word_1_2_df2_max10000_tfidf.pkl,ok,10000,0.005709090909090909,25582.156831731238,23,False,30,30,75,12466,0.4533090909090909,0,0.034124623312597,3.1271015549843204,4.634873099507504,,76.2939453125,,4.404193800059147
word_1_2_df2_max10000_k40_seed42,word_1_2_df2_max10000,40,42,10,27500,1000,C:\Users\samue\Scripts\Nofis-Classifier\notebooks\models\grid_tfidf_kmeans\202501-202504_20261005T220107Z_6270ed96\word_1_2_df2_max10000_k40_seed42.pkl,C:\Users\samue\Scripts\Nofis-Classifier\notebooks\models\grid_tfidf_kmeans\202501-202504_20261005T220107Z_6270ed96\word_1_2_df2_max10000_tfidf.pkl,ok,10000,0.005709090909090909,25247.98118387913,23,False,40,40,123,11074,0.4026909090909091,0,0.039130543531272835,2.868926301711633,4.380400399650713,,76.2939453125,,5.96188550000079
word_1_2_df2_max10000_k40_seed123,word_1_2_df2_max10000,40,123,10,27500,1000,C:\Users\samue\Scripts\Nofis-Classifier\notebooks\models\grid_tfidf_kmeans\202501-202504_20261005T220107Z_6270ed96\word_1_2_df2_max10000_k40_seed123.pkl,C:\Users\samue\Scripts\Nofis-Classifier\notebooks\models\grid_tfidf_kmeans\202501-202504_20261005T220107Z_6270ed96\word_1_2_df2_max10000_tfidf.pkl,ok,10000,0.005709090909090909,25229.323869006774,23,False,40,40,88,11529,0.41923636363636363,0,0.04068291969033119,2.883642176088901,4.22318848239167,,76.2939453125,,4.105659399996512
word_1_2_df2_max10000_k40_seed2026,word_1_2_df2_max10000,40,2026,10,27500,1000,C:\Users\samue\Scripts\Nofis-Classifier\notebooks\models\grid_tfidf_kmeans\202501-202504_20261005T220107Z_6270ed96\word_1_2_df2_max10000_k40_seed2026.pkl,C:\Users\samue\Scripts\Nofis-Classifier\notebooks\models\grid_tfidf_kmeans\202501-202504_20261005T220107Z_6270ed96\word_1_2_df2_max10000_tfidf.pkl,ok,10000,0.005709090909090909,25265.818818957094,51,False,40,40,133,10227,0.3718909090909091,0,0.03890998008844608,2.861784201679383,4.476176373111632,,76.2939453125,,4.406516499933787
word_1_2_df2_max10000_k60_seed42,word_1_2_df2_max10000,60,42,10,27500,1000,C:\Users\samue\Scripts\Nofis-Classifier\notebooks\models\grid_tfidf_kmeans\202501-202504_20261005T220107Z_6270ed96\word_1_2_df2_max10000_k60_seed42.pkl,C:\Users\samue\Scripts\Nofis-Classifier\notebooks\models\grid_tfidf_kmeans\202501-202504_20261005T220107Z_6270ed96\word_1_2_df2_max10000_tfidf.pkl,ok,10000,0.005709090909090909,24644.4766393385,26,False,60,60,51,8939,0.32505454545454543,0,0.03941068874254495,2.5181085562080514,3.763605920305964,,76.2939453125,,6.803377500036731
word_1_2_df2_max10000_k60_seed123,word_1_2_df2_max10000,60,123,10,27500,1000,C:\Users\samue\Scripts\Nofis-Classifier\notebooks\models\grid_tfidf_kmeans\202501-202504_20261005T220107Z_6270ed96\word_1_2_df2_max10000_k60_seed123.pkl,C:\Users\samue\Scripts\Nofis-Classifier\notebooks\models\grid_tfidf_kmeans\202501-202504_20261005T220107Z_6270ed96\word_1_2_df2_max10000_tfidf.pkl,ok,10000,0.005709090909090909,24708.017363436273,23,False,60,59,47,8699,0.31632727272727273,0,0.04472935781232876,2.57116969718371,3.9214586053206406,,76.2939453125,,8.76787650003098
word_1_2_df2_max10000_k60_seed2026,word_1_2_df2_max10000,60,2026,10,27500,1000,C:\Users\samue\Scripts\Nofis-Classifier\notebooks\models\grid_tfidf_kmeans\202501-202504_20261005T220107Z_6270ed96\word_1_2_df2_max10000_k60_seed2026.pkl,C:\Users\samue\Scripts\Nofis-Classifier\notebooks\models\grid_tfidf_kmeans\202501-202504_20261005T220107Z_6270ed96\word_1_2_df2_max10000_tfidf.pkl,ok,10000,0.005709090909090909,24698.809934661178,29,False,60,60,59,8711,0.31676363636363636,0,0.04241910988118117,2.592037012898649,3.8049574243831374,,76.2939453125,,6.9641791000030935
word_1_2_df2_max10000_k80_seed42,word_1_2_df2_max10000,80,42,10,27500,1000,C:\Users\samue\Scripts\Nofis-Classifier\notebooks\models\grid_tfidf_kmeans\202501-202504_20261005T220107Z_6270ed96\word_1_2_df2_max10000_k80_seed42.pkl,C:\Users\samue\Scripts\Nofis-Classifier\notebooks\models\grid_tfidf_kmeans\202501-202504_20261005T220107Z_6270ed96\word_1_2_df2_max10000_tfidf.pkl,ok,10000,0.005709090909090909,24124.153753253802,42,False,80,80,50,7544,0.27432727272727275,0,0.046777918882221645,2.436533695101277,3.4719163421314745,,76.2939453125,,10.517836500075646
word_1_2_df2_max10000_k80_seed123,word_1_2_df2_max10000,80,123,10,27500,1000,C:\Users\samue\Scripts\Nofis-Classifier\notebooks\models\grid_tfidf_kmeans\202501-202504_20261005T220107Z_6270ed96\word_1_2_df2_max10000_k80_seed123.pkl,C:\Users\samue\Scripts\Nofis-Classifier\notebooks\models\grid_tfidf_kmeans\202501-202504_20261005T220107Z_6270ed96\word_1_2_df2_max10000_tfidf.pkl,ok,10000,0.005709090909090909,24202.81433665377,26,False,80,80,63,8322,0.30261818181818184,0,0.04663619859330037,2.4090976850216,3.4721995856770014,,76.2939453125,,10.520923299947754
word_1_2_df2_max10000_k80_seed2026,word_1_2_df2_max10000,80,2026,10,27500,1000,C:\Users\samue\Scripts\Nofis-Classifier\notebooks\models\grid_tfidf_kmeans\202501-202504_20261005T220107Z_6270ed96\word_1_2_df2_max10000_k80_seed2026.pkl,C:\Users\samue\Scripts\Nofis-Classifier\notebooks\models\grid_tfidf_kmeans\202501-202504_20261005T220107Z_6270ed96\word_1_2_df2_max10000_tfidf.pkl,ok,10000,0.005709090909090909,24173.25189428941,22,False,80,80,43,7664,0.2786909090909091,0,0.0518978742941249,2.4305977820904636,3.47893867915547,,76.2939453125,,7.808360200026073
word_1_2_df5_max10000_k10_seed42,word_1_2_df5_max10000,10,42,10,27500,1000,C:\Users\samue\Scripts\Nofis-Classifier\notebooks\models\grid_tfidf_kmeans\202501-202504_20261005T220107Z_6270ed96\word_1_2_df5_max10000_k10_seed42.pkl,C:\Users\samue\Scripts\Nofis-Classifier\notebooks\models\grid_tfidf_kmeans\202501-202504_20261005T220107Z_6270ed96\word_1_2_df5_max10000_tfidf.pkl,ok,6421,0.007272727272727273,26334.784024712175,12,False,10,10,265,17423,0.6335636363636363,0,0.024642685685833922,4.668836946874952,5.784840755119187,,48.98834228515625,,0.9781074000056833
word_1_2_df5_max10000_k10_seed123,word_1_2_df5_max10000,10,123,10,27500,1000,C:\Users\samue\Scripts\Nofis-Classifier\notebooks\models\grid_tfidf_kmeans\202501-202504_20261005T220107Z_6270ed96\word_1_2_df5_max10000_k10_seed123.pkl,C:\Users\samue\Scripts\Nofis-Classifier\notebooks\models\grid_tfidf_kmeans\202501-202504_20261005T220107Z_6270ed96\word_1_2_df5_max10000_tfidf.pkl,ok,6421,0.007272727272727273,26331.168954581797,23,False,10,10,248,18397,0.6689818181818182,0,0.02169086709012432,4.611961386345504,5.362003822925667,,48.98834228515625,,0.8172787000657991
word_1_2_df5_max10000_k10_seed2026,word_1_2_df5_max10000,10,2026,10,27500,1000,C:\Users\samue\Scripts\Nofis-Classifier\notebooks\models\grid_tfidf_kmeans\202501-202504_20261005T220107Z_6270ed96\word_1_2_df5_max10000_k10_seed2026.pkl,C:\Users\samue\Scripts\Nofis-Classifier\notebooks\models\grid_tfidf_kmeans\202501-202504_20261005T220107Z_6270ed96\word_1_2_df5_max10000_tfidf.pkl,ok,6421,0.007272727272727273,26355.224556084937,20,False,10,10,292,18707,0.6802545454545454,0,0.021383011559820152,4.664965412563526,5.534158417349966,,48.98834228515625,,0.972282400005497
word_1_2_df5_max10000_k15_seed42,word_1_2_df5_max10000,15,42,10,27500,1000,C:\Users\samue\Scripts\Nofis-Classifier\notebooks\models\grid_tfidf_kmeans\202501-202504_20261005T220107Z_6270ed96\word_1_2_df5_max10000_k15_seed42.pkl,C:\Users\samue\Scripts\Nofis-Classifier\notebooks\models\grid_tfidf_kmeans\202501-202504_20261005T220107Z_6270ed96\word_1_2_df5_max10000_tfidf.pkl,ok,6421,0.007272727272727273,26028.523135356085,28,False,15,15,78,15795,0.5743636363636364,0,0.021195832711939266,4.102672470254321,5.182086370717402,,48.98834228515625,,1.8754523999523371
word_1_2_df5_max10000_k15_seed123,word_1_2_df5_max10000,15,123,10,27500,1000,C:\Users\samue\Scripts\Nofis-Classifier\notebooks\models\grid_tfidf_kmeans\202501-202504_20261005T220107Z_6270ed96\word_1_2_df5_max10000_k15_seed123.pkl,C:\Users\samue\Scripts\Nofis-Classifier\notebooks\models\grid_tfidf_kmeans\202501-202504_20261005T220107Z_6270ed96\word_1_2_df5_max10000_tfidf.pkl,ok,6421,0.007272727272727273,26049.109785993274,42,False,15,15,178,16088,0.5850181818181818,0,0.029773018963356407,4.074638825468515,5.120089367886334,,48.98834228515625,,1.5066740999463946
word_1_2_df5_max10000_k15_seed2026,word_1_2_df5_max10000,15,2026,10,27500,1000,C:\Users\samue\Scripts\Nofis-Classifier\notebooks\models\grid_tfidf_kmeans\202501-202504_20261005T220107Z_6270ed96\word_1_2_df5_max10000_k15_seed2026.pkl,C:\Users\samue\Scripts\Nofis-Classifier\notebooks\models\grid_tfidf_kmeans\202501-202504_20261005T220107Z_6270ed96\word_1_2_df5_max10000_tfidf.pkl,ok,6421,0.007272727272727273,25994.38058616287,18,False,15,15,281,15749,0.5726909090909091,0,0.029816205665500323,4.109500181761465,5.063706242848689,,48.98834228515625,,1.1365833000745624
word_1_2_df5_max10000_k20_seed42,word_1_2_df5_max10000,20,42,10,27500,1000,C:\Users\samue\Scripts\Nofis-Classifier\notebooks\models\grid_tfidf_kmeans\202501-202504_20261005T220107Z_6270ed96\word_1_2_df5_max10000_k20_seed42.pkl,C:\Users\samue\Scripts\Nofis-Classifier\notebooks\models\grid_tfidf_kmeans\202501-202504_20261005T220107Z_6270ed96\word_1_2_df5_max10000_tfidf.pkl,ok,6421,0.007272727272727273,25795.70505890353,27,False,20,20,268,15017,0.5460727272727273,0,0.0313275287069621,3.7789163199650218,4.807172787573276,,48.98834228515625,,1.6939461000729352
word_1_2_df5_max10000_k20_seed123,word_1_2_df5_max10000,20,123,10,27500,1000,C:\Users\samue\Scripts\Nofis-Classifier\notebooks\models\grid_tfidf_kmeans\202501-202504_20261005T220107Z_6270ed96\word_1_2_df5_max10000_k20_seed123.pkl,C:\Users\samue\Scripts\Nofis-Classifier\notebooks\models\grid_tfidf_kmeans\202501-202504_20261005T220107Z_6270ed96\word_1_2_df5_max10000_tfidf.pkl,ok,6421,0.007272727272727273,25735.813141547747,18,False,20,20,306,14235,0.5176363636363637,0,0.03438406059351601,3.8968252169327458,4.908005912221084,,48.98834228515625,,1.9869646999286488
word_1_2_df5_max10000_k20_seed2026,word_1_2_df5_max10000,20,2026,10,27500,1000,C:\Users\samue\Scripts\Nofis-Classifier\notebooks\models\grid_tfidf_kmeans\202501-202504_20261005T220107Z_6270ed96\word_1_2_df5_max10000_k20_seed2026.pkl,C:\Users\samue\Scripts\Nofis-Classifier\notebooks\models\grid_tfidf_kmeans\202501-202504_20261005T220107Z_6270ed96\word_1_2_df5_max10000_tfidf.pkl,ok,6421,0.007272727272727273,25767.399917561386,17,False,20,20,182,14652,0.5328,0,0.032263981779485515,3.6996190889562888,4.82767354253113,,48.98834228515625,,1.690443699946627
word_1_2_df5_max10000_k25_seed42,word_1_2_df5_max10000,25,42,10,27500,1000,C:\Users\samue\Scripts\Nofis-Classifier\notebooks\models\grid_tfidf_kmeans\202501-202504_20261005T220107Z_6270ed96\word_1_2_df5_max10000_k25_seed42.pkl,C:\Users\samue\Scripts\Nofis-Classifier\notebooks\models\grid_tfidf_kmeans\202501-202504_20261005T220107Z_6270ed96\word_1_2_df5_max10000_tfidf.pkl,ok,6421,0.007272727272727273,25513.28427645192,27,False,25,25,158,13348,0.4853818181818182,0,0.029630285390367352,3.5828520639499017,4.526125386319706,,48.98834228515625,,2.179382300004363
word_1_2_df5_max10000_k25_seed123,word_1_2_df5_max10000,25,123,10,27500,1000,C:\Users\samue\Scripts\Nofis-Classifier\notebooks\models\grid_tfidf_kmeans\202501-202504_20261005T220107Z_6270ed96\word_1_2_df5_max10000_k25_seed123.pkl,C:\Users\samue\Scripts\Nofis-Classifier\notebooks\models\grid_tfidf_kmeans\202501-202504_20261005T220107Z_6270ed96\word_1_2_df5_max10000_tfidf.pkl,ok,6421,0.007272727272727273,25552.757636646187,43,False,25,25,160,14320,0.5207272727272727,0,0.03534615790110593,3.493319076191606,4.422695409401497,,48.98834228515625,,2.4430005000904202
word_1_2_df5_max10000_k25_seed2026,word_1_2_df5_max10000,25,2026,10,27500,1000,C:\Users\samue\Scripts\Nofis-Classifier\notebooks\models\grid_tfidf_kmeans\202501-202504_20261005T220107Z_6270ed96\word_1_2_df5_max10000_k25_seed2026.pkl,C:\Users\samue\Scripts\Nofis-Classifier\notebooks\models\grid_tfidf_kmeans\202501-202504_20261005T220107Z_6270ed96\word_1_2_df5_max10000_tfidf.pkl,ok,6421,0.007272727272727273,25552.487208411192,31,False,25,25,138,13302,0.4837090909090909,0,0.03717809425452002,3.6368718779686677,4.7593243702602,,48.98834228515625,,2.2880942000774667
word_1_2_df5_max10000_k30_seed42,word_1_2_df5_max10000,30,42,10,27500,1000,C:\Users\samue\Scripts\Nofis-Classifier\notebooks\models\grid_tfidf_kmeans\202501-202504_20261005T220107Z_6270ed96\word_1_2_df5_max10000_k30_seed42.pkl,C:\Users\samue\Scripts\Nofis-Classifier\notebooks\models\grid_tfidf_kmeans\202501-202504_20261005T220107Z_6270ed96\word_1_2_df5_max10000_tfidf.pkl,ok,6421,0.007272727272727273,25294.047818761002,24,False,30,30,33,12387,0.45043636363636363,0,0.04161533816867982,3.4919180711429973,4.405075197315507,,48.98834228515625,,3.0593777999747545
word_1_2_df5_max10000_k30_seed123,word_1_2_df5_max10000,30,123,10,27500,1000,C:\Users\samue\Scripts\Nofis-Classifier\notebooks\models\grid_tfidf_kmeans\202501-202504_20261005T220107Z_6270ed96\word_1_2_df5_max10000_k30_seed123.pkl,C:\Users\samue\Scripts\Nofis-Classifier\notebooks\models\grid_tfidf_kmeans\202501-202504_20261005T220107Z_6270ed96\word_1_2_df5_max10000_tfidf.pkl,ok,6421,0.007272727272727273,25319.46295184773,24,False,30,30,153,12358,0.44938181818181816,0,0.04010186715438747,3.4530729194357055,4.359557363561456,,48.98834228515625,,2.495840599993244
word_1_2_df5_max10000_k30_seed2026,word_1_2_df5_max10000,30,2026,10,27500,1000,C:\Users\samue\Scripts\Nofis-Classifier\notebooks\models\grid_tfidf_kmeans\202501-202504_20261005T220107Z_6270ed96\word_1_2_df5_max10000_k30_seed2026.pkl,C:\Users\samue\Scripts\Nofis-Classifier\notebooks\models\grid_tfidf_kmeans\202501-202504_20261005T220107Z_6270ed96\word_1_2_df5_max10000_tfidf.pkl,ok,6421,0.007272727272727273,25328.627710783916,36,False,30,30,159,11981,0.43567272727272727,0,0.037163724594100986,3.33679301556579,4.52818551496152,,48.98834228515625,,2.85344159998931
word_1_2_df5_max10000_k40_seed42,word_1_2_df5_max10000,40,42,10,27500,1000,C:\Users\samue\Scripts\Nofis-Classifier\notebooks\models\grid_tfidf_kmeans\202501-202504_20261005T220107Z_6270ed96\word_1_2_df5_max10000_k40_seed42.pkl,C:\Users\samue\Scripts\Nofis-Classifier\notebooks\models\grid_tfidf_kmeans\202501-202504_20261005T220107Z_6270ed96\word_1_2_df5_max10000_tfidf.pkl,ok,6421,0.007272727272727273,24978.088296504477,20,False,40,40,116,10270,0.37345454545454543,0,0.04666048186784818,3.134792031306902,4.203939897410175,,48.98834228515625,,3.439213400008157
word_1_2_df5_max10000_k40_seed123,word_1_2_df5_max10000,40,123,10,27500,1000,C:\Users\samue\Scripts\Nofis-Classifier\notebooks\models\grid_tfidf_kmeans\202501-202504_20261005T220107Z_6270ed96\word_1_2_df5_max10000_k40_seed123.pkl,C:\Users\samue\Scripts\Nofis-Classifier\notebooks\models\grid_tfidf_kmeans\202501-202504_20261005T220107Z_6270ed96\word_1_2_df5_max10000_tfidf.pkl,ok,6421,0.007272727272727273,24928.27243895602,31,False,40,40,105,10956,0.3984,0,0.04320440368773387,3.226523208529506,3.998800016061215,,48.98834228515625,,3.642016900004819
word_1_2_df5_max10000_k40_seed2026,word_1_2_df5_max10000,40,2026,10,27500,1000,C:\Users\samue\Scripts\Nofis-Classifier\notebooks\models\grid_tfidf_kmeans\202501-202504_20261005T220107Z_6270ed96\word_1_2_df5_max10000_k40_seed2026.pkl,C:\Users\samue\Scripts\Nofis-Classifier\notebooks\models\grid_tfidf_kmeans\202501-202504_20261005T220107Z_6270ed96\word_1_2_df5_max10000_tfidf.pkl,ok,6421,0.007272727272727273,24958.903158193105,23,False,40,40,105,11263,0.40956363636363635,0,0.04283350124621322,3.08676357487499,4.03184401153858,,48.98834228515625,,3.4775815999601036
word_1_2_df5_max10000_k60_seed42,word_1_2_df5_max10000,60,42,10,27500,1000,C:\Users\samue\Scripts\Nofis-Classifier\notebooks\models\grid_tfidf_kmeans\202501-202504_20261005T220107Z_6270ed96\word_1_2_df5_max10000_k60_seed42.pkl,C:\Users\samue\Scripts\Nofis-Classifier\notebooks\models\grid_tfidf_kmeans\202501-202504_20261005T220107Z_6270ed96\word_1_2_df5_max10000_tfidf.pkl,ok,6421,0.007272727272727273,24323.353162445816,22,False,60,60,63,9078,0.3301090909090909,0,0.0467805595994003,2.78562696501286,3.6261292830916463,,48.98834228515625,,4.606599100050516
word_1_2_df5_max10000_k60_seed123,word_1_2_df5_max10000,60,123,10,27500,1000,C:\Users\samue\Scripts\Nofis-Classifier\notebooks\models\grid_tfidf_kmeans\202501-202504_20261005T220107Z_6270ed96\word_1_2_df5_max10000_k60_seed123.pkl,C:\Users\samue\Scripts\Nofis-Classifier\notebooks\models\grid_tfidf_kmeans\202501-202504_20261005T220107Z_6270ed96\word_1_2_df5_max10000_tfidf.pkl,ok,6421,0.007272727272727273,24461.910614690572,27,False,60,56,16,13192,0.4797090909090909,0,0.03757322058887931,2.665927375107279,3.1158482482867336,,48.98834228515625,,5.297020399942994
word_1_2_df5_max10000_k60_seed2026,word_1_2_df5_max10000,60,2026,10,27500,1000,C:\Users\samue\Scripts\Nofis-Classifier\notebooks\models\grid_tfidf_kmeans\202501-202504_20261005T220107Z_6270ed96\word_1_2_df5_max10000_k60_seed2026.pkl,C:\Users\samue\Scripts\Nofis-Classifier\notebooks\models\grid_tfidf_kmeans\202501-202504_20261005T220107Z_6270ed96\word_1_2_df5_max10000_tfidf.pkl,ok,6421,0.007272727272727273,24262.157723323104,19,False,60,60,86,9079,0.3301454545454545,0,0.049296017871720686,2.809975508704071,3.645166470031708,,48.98834228515625,,5.423782699974254
word_1_2_df5_max10000_k80_seed42,word_1_2_df5_max10000,80,42,10,27500,1000,C:\Users\samue\Scripts\Nofis-Classifier\notebooks\models\grid_tfidf_kmeans\202501-202504_20261005T220107Z_6270ed96\word_1_2_df5_max10000_k80_seed42.pkl,C:\Users\samue\Scripts\Nofis-Classifier\notebooks\models\grid_tfidf_kmeans\202501-202504_20261005T220107Z_6270ed96\word_1_2_df5_max10000_tfidf.pkl,ok,6421,0.007272727272727273,23689.681309626103,28,False,80,80,50,7563,0.27501818181818183,0,0.05287174900069217,2.62388332308988,3.317382661988502,,48.98834228515625,,6.8188608000054955
word_1_2_df5_max10000_k80_seed123,word_1_2_df5_max10000,80,123,10,27500,1000,C:\Users\samue\Scripts\Nofis-Classifier\notebooks\models\grid_tfidf_kmeans\202501-202504_20261005T220107Z_6270ed96\word_1_2_df5_max10000_k80_seed123.pkl,C:\Users\samue\Scripts\Nofis-Classifier\notebooks\models\grid_tfidf_kmeans\202501-202504_20261005T220107Z_6270ed96\word_1_2_df5_max10000_tfidf.pkl,ok,6421,0.007272727272727273,23802.89486853964,24,False,80,80,10,7638,0.2777454545454546,0,0.05060744072916607,2.5966581250763476,3.351245024466477,,48.98834228515625,,6.6355711000505835
word_1_2_df5_max10000_k80_seed2026,word_1_2_df5_max10000,80,2026,10,27500,1000,C:\Users\samue\Scripts\Nofis-Classifier\notebooks\models\grid_tfidf_kmeans\202501-202504_20261005T220107Z_6270ed96\word_1_2_df5_max10000_k80_seed2026.pkl,C:\Users\samue\Scripts\Nofis-Classifier\notebooks\models\grid_tfidf_kmeans\202501-202504_20261005T220107Z_6270ed96\word_1_2_df5_max10000_tfidf.pkl,ok,6421,0.007272727272727273,23781.903939618263,19,False,80,80,61,7549,0.2745090909090909,0,0.05270017880660489,2.561755939840071,3.370251746294204,,48.98834228515625,,7.382958500063978
char_wb_3_5_df2_max30000_k10_seed42,char_wb_3_5_df2_max30000,10,42,10,27500,1000,C:\Users\samue\Scripts\Nofis-Classifier\notebooks\models\grid_tfidf_kmeans\202501-202504_20261005T220107Z_6270ed96\char_wb_3_5_df2_max30000_k10_seed42.pkl,C:\Users\samue\Scripts\Nofis-Classifier\notebooks\models\grid_tfidf_kmeans\202501-202504_20261005T220107Z_6270ed96\char_wb_3_5_df2_max30000_tfidf.pkl,ok,30000,0.0,26010.973337424017,25,False,10,10,398,17678,0.6428363636363637,0,0.02941380523833768,5.967560476035955,5.216484252876912,,228.8818359375,,7.728598200017586
char_wb_3_5_df2_max30000_k10_seed123,char_wb_3_5_df2_max30000,10,123,10,27500,1000,C:\Users\samue\Scripts\Nofis-Classifier\notebooks\models\grid_tfidf_kmeans\202501-202504_20261005T220107Z_6270ed96\char_wb_3_5_df2_max30000_k10_seed123.pkl,C:\Users\samue\Scripts\Nofis-Classifier\notebooks\models\grid_tfidf_kmeans\202501-202504_20261005T220107Z_6270ed96\char_wb_3_5_df2_max30000_tfidf.pkl,ok,30000,0.0,26021.011427811583,21,False,10,10,333,16886,0.6140363636363636,0,0.0297304055983558,5.981083841766907,5.46307176157275,,228.8818359375,,7.717842499958351
char_wb_3_5_df2_max30000_k10_seed2026,char_wb_3_5_df2_max30000,10,2026,10,27500,1000,C:\Users\samue\Scripts\Nofis-Classifier\notebooks\models\grid_tfidf_kmeans\202501-202504_20261005T220107Z_6270ed96\char_wb_3_5_df2_max30000_k10_seed2026.pkl,C:\Users\samue\Scripts\Nofis-Classifier\notebooks\models\grid_tfidf_kmeans\202501-202504_20261005T220107Z_6270ed96\char_wb_3_5_df2_max30000_tfidf.pkl,ok,30000,0.0,26029.01263074073,37,False,10,10,433,16292,0.5924363636363636,0,0.02766217549478834,5.822885646626198,5.633928241290126,,228.8818359375,,7.968746500089765
char_wb_3_5_df2_max30000_k15_seed42,char_wb_3_5_df2_max30000,15,42,10,27500,1000,C:\Users\samue\Scripts\Nofis-Classifier\notebooks\models\grid_tfidf_kmeans\202501-202504_20261005T220107Z_6270ed96\char_wb_3_5_df2_max30000_k15_seed42.pkl,C:\Users\samue\Scripts\Nofis-Classifier\notebooks\models\grid_tfidf_kmeans\202501-202504_20261005T220107Z_6270ed96\char_wb_3_5_df2_max30000_tfidf.pkl,ok,30000,0.0,25608.641199220518,29,False,15,15,330,16052,0.583709090909091,0,0.037692530640472566,5.338667166392696,4.691797301483663,,228.8818359375,,9.6100076000439
char_wb_3_5_df2_max30000_k15_seed123,char_wb_3_5_df2_max30000,15,123,10,27500,1000,C:\Users\samue\Scripts\Nofis-Classifier\notebooks\models\grid_tfidf_kmeans\202501-202504_20261005T220107Z_6270ed96\char_wb_3_5_df2_max30000_k15_seed123.pkl,C:\Users\samue\Scripts\Nofis-Classifier\notebooks\models\grid_tfidf_kmeans\202501-202504_20261005T220107Z_6270ed96\char_wb_3_5_df2_max30000_tfidf.pkl,ok,30000,0.0,25575.851730768554,29,False,15,15,333,15850,0.5763636363636364,0,0.034077301494221696,5.084753897570957,4.733267966294856,,228.8818359375,,10.149247099994682
char_wb_3_5_df2_max30000_k15_seed2026,char_wb_3_5_df2_max30000,15,2026,10,27500,1000,C:\Users\samue\Scripts\Nofis-Classifier\notebooks\models\grid_tfidf_kmeans\202501-202504_20261005T220107Z_6270ed96\char_wb_3_5_df2_max30000_k15_seed2026.pkl,C:\Users\samue\Scripts\Nofis-Classifier\notebooks\models\grid_tfidf_kmeans\202501-202504_20261005T220107Z_6270ed96\char_wb_3_5_df2_max30000_tfidf.pkl,ok,30000,0.0,25577.294136969525,38,False,15,15,332,13730,0.49927272727272726,0,0.03816961440914886,5.349806777913752,5.235205884586927,,228.8818359375,,9.67084960010834
char_wb_3_5_df2_max30000_k20_seed42,char_wb_3_5_df2_max30000,20,42,10,27500,1000,C:\Users\samue\Scripts\Nofis-Classifier\notebooks\models\grid_tfidf_kmeans\202501-202504_20261005T220107Z_6270ed96\char_wb_3_5_df2_max30000_k20_seed42.pkl,C:\Users\samue\Scripts\Nofis-Classifier\notebooks\models\grid_tfidf_kmeans\202501-202504_20261005T220107Z_6270ed96\char_wb_3_5_df2_max30000_tfidf.pkl,ok,30000,0.0,25171.062621923196,39,False,20,20,274,15936,0.5794909090909091,0,0.04134937115555024,4.937986741169233,4.267763543319192,,228.8818359375,,13.64440290001221
char_wb_3_5_df2_max30000_k20_seed123,char_wb_3_5_df2_max30000,20,123,10,27500,1000,C:\Users\samue\Scripts\Nofis-Classifier\notebooks\models\grid_tfidf_kmeans\202501-202504_20261005T220107Z_6270ed96\char_wb_3_5_df2_max30000_k20_seed123.pkl,C:\Users\samue\Scripts\Nofis-Classifier\notebooks\models\grid_tfidf_kmeans\202501-202504_20261005T220107Z_6270ed96\char_wb_3_5_df2_max30000_tfidf.pkl,ok,30000,0.0,25175.40122043514,23,False,20,20,306,12725,0.4627272727272727,0,0.043938898223967404,4.770162607952001,4.743897323916293,,228.8818359375,,13.433545999927446
char_wb_3_5_df2_max30000_k20_seed2026,char_wb_3_5_df2_max30000,20,2026,10,27500,1000,C:\Users\samue\Scripts\Nofis-Classifier\notebooks\models\grid_tfidf_kmeans\202501-202504_20261005T220107Z_6270ed96\char_wb_3_5_df2_max30000_k20_seed2026.pkl,C:\Users\samue\Scripts\Nofis-Classifier\notebooks\models\grid_tfidf_kmeans\202501-202504_20261005T220107Z_6270ed96\char_wb_3_5_df2_max30000_tfidf.pkl,ok,30000,0.0,25177.63328244505,59,False,20,20,332,14043,0.5106545454545455,0,0.04639127558828853,4.981411715100186,4.539497512295443,,228.8818359375,,16.21525620005559
char_wb_3_5_df2_max30000_k25_seed42,char_wb_3_5_df2_max30000,25,42,10,27500,1000,C:\Users\samue\Scripts\Nofis-Classifier\notebooks\models\grid_tfidf_kmeans\202501-202504_20261005T220107Z_6270ed96\char_wb_3_5_df2_max30000_k25_seed42.pkl,C:\Users\samue\Scripts\Nofis-Classifier\notebooks\models\grid_tfidf_kmeans\202501-202504_20261005T220107Z_6270ed96\char_wb_3_5_df2_max30000_tfidf.pkl,ok,30000,0.0,24825.379816429377,37,False,25,25,255,11986,0.43585454545454544,0,0.048515268544876686,4.495592199471631,4.36761359205884,,228.8818359375,,17.07488019997254
char_wb_3_5_df2_max30000_k25_seed123,char_wb_3_5_df2_max30000,25,123,10,27500,1000,C:\Users\samue\Scripts\Nofis-Classifier\notebooks\models\grid_tfidf_kmeans\202501-202504_20261005T220107Z_6270ed96\char_wb_3_5_df2_max30000_k25_seed123.pkl,C:\Users\samue\Scripts\Nofis-Classifier\notebooks\models\grid_tfidf_kmeans\202501-202504_20261005T220107Z_6270ed96\char_wb_3_5_df2_max30000_tfidf.pkl,ok,30000,0.0,24849.40432321695,29,False,25,25,274,14161,0.5149454545454546,0,0.048661269868716,4.656040336023942,4.108001714632163,,228.8818359375,,17.880764300003648
char_wb_3_5_df2_max30000_k25_seed2026,char_wb_3_5_df2_max30000,25,2026,10,27500,1000,C:\Users\samue\Scripts\Nofis-Classifier\notebooks\models\grid_tfidf_kmeans\202501-202504_20261005T220107Z_6270ed96\char_wb_3_5_df2_max30000_k25_seed2026.pkl,C:\Users\samue\Scripts\Nofis-Classifier\notebooks\models\grid_tfidf_kmeans\202501-202504_20261005T220107Z_6270ed96\char_wb_3_5_df2_max30000_tfidf.pkl,ok,30000,0.0,24846.797536800957,25,False,25,25,258,13102,0.47643636363636366,0,0.053515517840351134,4.667520995638826,4.235351774575537,,228.8818359375,,16.420589999994263
char_wb_3_5_df2_max30000_k30_seed42,char_wb_3_5_df2_max30000,30,42,10,27500,1000,C:\Users\samue\Scripts\Nofis-Classifier\notebooks\models\grid_tfidf_kmeans\202501-202504_20261005T220107Z_6270ed96\char_wb_3_5_df2_max30000_k30_seed42.pkl,C:\Users\samue\Scripts\Nofis-Classifier\notebooks\models\grid_tfidf_kmeans\202501-202504_20261005T220107Z_6270ed96\char_wb_3_5_df2_max30000_tfidf.pkl,ok,30000,0.0,24510.483668543933,36,False,30,30,173,13599,0.4945090909090909,0,0.05915919498269145,4.438767341818493,3.785841782212983,,228.8818359375,,20.222553299972787
char_wb_3_5_df2_max30000_k30_seed123,char_wb_3_5_df2_max30000,30,123,10,27500,1000,C:\Users\samue\Scripts\Nofis-Classifier\notebooks\models\grid_tfidf_kmeans\202501-202504_20261005T220107Z_6270ed96\char_wb_3_5_df2_max30000_k30_seed123.pkl,C:\Users\samue\Scripts\Nofis-Classifier\notebooks\models\grid_tfidf_kmeans\202501-202504_20261005T220107Z_6270ed96\char_wb_3_5_df2_max30000_tfidf.pkl,ok,30000,0.0,24531.012352124308,23,False,30,30,235,11240,0.4087272727272727,0,0.06140596857777027,4.546664441881429,4.189652476220041,,228.8818359375,,23.41353700007312
char_wb_3_5_df2_max30000_k30_seed2026,char_wb_3_5_df2_max30000,30,2026,10,27500,1000,C:\Users\samue\Scripts\Nofis-Classifier\notebooks\models\grid_tfidf_kmeans\202501-202504_20261005T220107Z_6270ed96\char_wb_3_5_df2_max30000_k30_seed2026.pkl,C:\Users\samue\Scripts\Nofis-Classifier\notebooks\models\grid_tfidf_kmeans\202501-202504_20261005T220107Z_6270ed96\char_wb_3_5_df2_max30000_tfidf.pkl,ok,30000,0.0,24503.971869011948,29,False,30,30,195,11844,0.43069090909090907,0,0.05990393909212851,4.386286549752007,4.050983680902493,,228.8818359375,,22.199173400062136
char_wb_3_5_df2_max30000_k40_seed42,char_wb_3_5_df2_max30000,40,42,10,27500,1000,C:\Users\samue\Scripts\Nofis-Classifier\notebooks\models\grid_tfidf_kmeans\202501-202504_20261005T220107Z_6270ed96\char_wb_3_5_df2_max30000_k40_seed42.pkl,C:\Users\samue\Scripts\Nofis-Classifier\notebooks\models\grid_tfidf_kmeans\202501-202504_20261005T220107Z_6270ed96\char_wb_3_5_df2_max30000_tfidf.pkl,ok,30000,0.0,23983.567388853895,33,False,40,40,96,10061,0.36585454545454543,0,0.06605032154481992,4.160340440075951,3.8618719399637387,,228.8818359375,,30.812794799916446
char_wb_3_5_df2_max30000_k40_seed123,char_wb_3_5_df2_max30000,40,123,10,27500,1000,C:\Users\samue\Scripts\Nofis-Classifier\notebooks\models\grid_tfidf_kmeans\202501-202504_20261005T220107Z_6270ed96\char_wb_3_5_df2_max30000_k40_seed123.pkl,C:\Users\samue\Scripts\Nofis-Classifier\notebooks\models\grid_tfidf_kmeans\202501-202504_20261005T220107Z_6270ed96\char_wb_3_5_df2_max30000_tfidf.pkl,ok,30000,0.0,23927.120760886122,36,False,40,40,149,9877,0.35916363636363635,0,0.06949840149154463,4.1437066474492505,3.7652506865033972,,228.8818359375,,27.758410000009462
char_wb_3_5_df2_max30000_k40_seed2026,char_wb_3_5_df2_max30000,40,2026,10,27500,1000,C:\Users\samue\Scripts\Nofis-Classifier\notebooks\models\grid_tfidf_kmeans\202501-202504_20261005T220107Z_6270ed96\char_wb_3_5_df2_max30000_k40_seed2026.pkl,C:\Users\samue\Scripts\Nofis-Classifier\notebooks\models\grid_tfidf_kmeans\202501-202504_20261005T220107Z_6270ed96\char_wb_3_5_df2_max30000_tfidf.pkl,ok,30000,0.0,23932.590234677926,28,False,40,40,132,10946,0.39803636363636363,0,0.06866282667253268,4.106641066385467,3.6441070023628095,,228.8818359375,,26.767499799956568
char_wb_3_5_df2_max30000_k60_seed42,char_wb_3_5_df2_max30000,60,42,10,27500,1000,C:\Users\samue\Scripts\Nofis-Classifier\notebooks\models\grid_tfidf_kmeans\202501-202504_20261005T220107Z_6270ed96\char_wb_3_5_df2_max30000_k60_seed42.pkl,C:\Users\samue\Scripts\Nofis-Classifier\notebooks\models\grid_tfidf_kmeans\202501-202504_20261005T220107Z_6270ed96\char_wb_3_5_df2_max30000_tfidf.pkl,ok,30000,0.0,23073.705020454036,25,False,60,60,75,9426,0.3427636363636364,0,0.07784308404535352,3.7096863310431925,3.209762914463184,,228.8818359375,,51.78914460004307
char_wb_3_5_df2_max30000_k60_seed123,char_wb_3_5_df2_max30000,60,123,10,27500,1000,C:\Users\samue\Scripts\Nofis-Classifier\notebooks\models\grid_tfidf_kmeans\202501-202504_20261005T220107Z_6270ed96\char_wb_3_5_df2_max30000_k60_seed123.pkl,C:\Users\samue\Scripts\Nofis-Classifier\notebooks\models\grid_tfidf_kmeans\202501-202504_20261005T220107Z_6270ed96\char_wb_3_5_df2_max30000_tfidf.pkl,ok,30000,0.0,23083.92424855652,47,False,60,60,85,7615,0.2769090909090909,0,0.07431998694973083,3.6437885131985905,3.483134968203031,,228.8818359375,,48.6063232999295
char_wb_3_5_df2_max30000_k60_seed2026,char_wb_3_5_df2_max30000,60,2026,10,27500,1000,C:\Users\samue\Scripts\Nofis-Classifier\notebooks\models\grid_tfidf_kmeans\202501-202504_20261005T220107Z_6270ed96\char_wb_3_5_df2_max30000_k60_seed2026.pkl,C:\Users\samue\Scripts\Nofis-Classifier\notebooks\models\grid_tfidf_kmeans\202501-202504_20261005T220107Z_6270ed96\char_wb_3_5_df2_max30000_tfidf.pkl,ok,30000,0.0,23001.853550533815,24,False,60,60,84,9240,0.336,0,0.07789135016363895,3.6097804144746424,3.2148751068250045,,228.8818359375,,47.641232099966146
char_wb_3_5_df2_max30000_k80_seed42,char_wb_3_5_df2_max30000,80,42,10,27500,1000,C:\Users\samue\Scripts\Nofis-Classifier\notebooks\models\grid_tfidf_kmeans\202501-202504_20261005T220107Z_6270ed96\char_wb_3_5_df2_max30000_k80_seed42.pkl,C:\Users\samue\Scripts\Nofis-Classifier\notebooks\models\grid_tfidf_kmeans\202501-202504_20261005T220107Z_6270ed96\char_wb_3_5_df2_max30000_tfidf.pkl,ok,30000,0.0,22333.429507033157,27,False,80,79,57,8360,0.304,0,0.08965919460146696,3.3679427512925058,2.9775378383364837,,228.8818359375,,56.774898300063796
char_wb_3_5_df2_max30000_k80_seed123,char_wb_3_5_df2_max30000,80,123,10,27500,1000,C:\Users\samue\Scripts\Nofis-Classifier\notebooks\models\grid_tfidf_kmeans\202501-202504_20261005T220107Z_6270ed96\char_wb_3_5_df2_max30000_k80_seed123.pkl,C:\Users\samue\Scripts\Nofis-Classifier\notebooks\models\grid_tfidf_kmeans\202501-202504_20261005T220107Z_6270ed96\char_wb_3_5_df2_max30000_tfidf.pkl,ok,30000,0.0,22351.64613238114,24,False,80,80,77,7569,0.2752363636363636,0,0.09282978424751162,3.443629900842199,3.0712691462491333,,228.8818359375,,62.41607020003721
char_wb_3_5_df2_max30000_k80_seed2026,char_wb_3_5_df2_max30000,80,2026,10,27500,1000,C:\Users\samue\Scripts\Nofis-Classifier\notebooks\models\grid_tfidf_kmeans\202501-202504_20261005T220107Z_6270ed96\char_wb_3_5_df2_max30000_k80_seed2026.pkl,C:\Users\samue\Scripts\Nofis-Classifier\notebooks\models\grid_tfidf_kmeans\202501-202504_20261005T220107Z_6270ed96\char_wb_3_5_df2_max30000_tfidf.pkl,ok,30000,0.0,22332.04085602037,25,False,80,80,53,6621,0.24076363636363637,0,0.08991667934107034,3.414301070495266,3.121274896276701,,228.8818359375,,66.30213270010427
char_wb_3_5_df5_max30000_k10_seed42,char_wb_3_5_df5_max30000,10,42,10,27500,1000,C:\Users\samue\Scripts\Nofis-Classifier\notebooks\models\grid_tfidf_kmeans\202501-202504_20261005T220107Z_6270ed96\char_wb_3_5_df5_max30000_k10_seed42.pkl,C:\Users\samue\Scripts\Nofis-Classifier\notebooks\models\grid_tfidf_kmeans\202501-202504_20261005T220107Z_6270ed96\char_wb_3_5_df5_max30000_tfidf.pkl,ok,23380,0.0,26012.036731593886,32,False,10,10,339,17628,0.6410181818181818,0,0.02823422878073727,5.875589862716888,5.160471712454893,,178.375244140625,,7.524724700022489
char_wb_3_5_df5_max30000_k10_seed123,char_wb_3_5_df5_max30000,10,123,10,27500,1000,C:\Users\samue\Scripts\Nofis-Classifier\notebooks\models\grid_tfidf_kmeans\202501-202504_20261005T220107Z_6270ed96\char_wb_3_5_df5_max30000_k10_seed123.pkl,C:\Users\samue\Scripts\Nofis-Classifier\notebooks\models\grid_tfidf_kmeans\202501-202504_20261005T220107Z_6270ed96\char_wb_3_5_df5_max30000_tfidf.pkl,ok,23380,0.0,25970.68387890997,46,False,10,10,340,17880,0.6501818181818182,0,0.03085293358814799,6.119481607690087,5.148643143350117,,178.375244140625,,6.435430700075813
char_wb_3_5_df5_max30000_k10_seed2026,char_wb_3_5_df5_max30000,10,2026,10,27500,1000,C:\Users\samue\Scripts\Nofis-Classifier\notebooks\models\grid_tfidf_kmeans\202501-202504_20261005T220107Z_6270ed96\char_wb_3_5_df5_max30000_k10_seed2026.pkl,C:\Users\samue\Scripts\Nofis-Classifier\notebooks\models\grid_tfidf_kmeans\202501-202504_20261005T220107Z_6270ed96\char_wb_3_5_df5_max30000_tfidf.pkl,ok,23380,0.0,26045.83971884629,54,False,10,10,374,15220,0.5534545454545454,0,0.027591647153161952,5.621137797325342,6.028068705163251,,178.375244140625,,6.304128900053911
char_wb_3_5_df5_max30000_k15_seed42,char_wb_3_5_df5_max30000,15,42,10,27500,1000,C:\Users\samue\Scripts\Nofis-Classifier\notebooks\models\grid_tfidf_kmeans\202501-202504_20261005T220107Z_6270ed96\char_wb_3_5_df5_max30000_k15_seed42.pkl,C:\Users\samue\Scripts\Nofis-Classifier\notebooks\models\grid_tfidf_kmeans\202501-202504_20261005T220107Z_6270ed96\char_wb_3_5_df5_max30000_tfidf.pkl,ok,23380,0.0,25516.714668924622,29,False,15,15,339,15546,0.5653090909090909,0,0.042935097217560524,5.7054972160061705,4.674465537083178,,178.375244140625,,10.102670999942347
char_wb_3_5_df5_max30000_k15_seed123,char_wb_3_5_df5_max30000,15,123,10,27500,1000,C:\Users\samue\Scripts\Nofis-Classifier\notebooks\models\grid_tfidf_kmeans\202501-202504_20261005T220107Z_6270ed96\char_wb_3_5_df5_max30000_k15_seed123.pkl,C:\Users\samue\Scripts\Nofis-Classifier\notebooks\models\grid_tfidf_kmeans\202501-202504_20261005T220107Z_6270ed96\char_wb_3_5_df5_max30000_tfidf.pkl,ok,23380,0.0,25550.208225156694,41,False,15,15,337,12823,0.4662909090909091,0,0.04120729999457174,5.510895655305366,5.364779580477031,,178.375244140625,,9.983825600007549
char_wb_3_5_df5_max30000_k15_seed2026,char_wb_3_5_df5_max30000,15,2026,10,27500,1000,C:\Users\samue\Scripts\Nofis-Classifier\notebooks\models\grid_tfidf_kmeans\202501-202504_20261005T220107Z_6270ed96\char_wb_3_5_df5_max30000_k15_seed2026.pkl,C:\Users\samue\Scripts\Nofis-Classifier\notebooks\models\grid_tfidf_kmeans\202501-202504_20261005T220107Z_6270ed96\char_wb_3_5_df5_max30000_tfidf.pkl,ok,23380,0.0,25516.362331310465,50,False,15,15,336,15686,0.5704,0,0.03888987345129848,5.443451502383244,4.779565728366892,,178.375244140625,,10.065719199948944
char_wb_3_5_df5_max30000_k20_seed42,char_wb_3_5_df5_max30000,20,42,10,27500,1000,C:\Users\samue\Scripts\Nofis-Classifier\notebooks\models\grid_tfidf_kmeans\202501-202504_20261005T220107Z_6270ed96\char_wb_3_5_df5_max30000_k20_seed42.pkl,C:\Users\samue\Scripts\Nofis-Classifier\notebooks\models\grid_tfidf_kmeans\202501-202504_20261005T220107Z_6270ed96\char_wb_3_5_df5_max30000_tfidf.pkl,ok,23380,0.0,25131.188709666396,41,False,20,20,274,13640,0.496,0,0.044395942183742695,5.086641146819224,4.578225962831723,,178.375244140625,,12.842379599926062
char_wb_3_5_df5_max30000_k20_seed123,char_wb_3_5_df5_max30000,20,123,10,27500,1000,C:\Users\samue\Scripts\Nofis-Classifier\notebooks\models\grid_tfidf_kmeans\202501-202504_20261005T220107Z_6270ed96\char_wb_3_5_df5_max30000_k20_seed123.pkl,C:\Users\samue\Scripts\Nofis-Classifier\notebooks\models\grid_tfidf_kmeans\202501-202504_20261005T220107Z_6270ed96\char_wb_3_5_df5_max30000_tfidf.pkl,ok,23380,0.0,25158.158097799926,32,False,20,20,194,15673,0.5699272727272727,0,0.04354543998517657,4.917779976638362,4.176379342867575,,178.375244140625,,11.757401400012895
char_wb_3_5_df5_max30000_k20_seed2026,char_wb_3_5_df5_max30000,20,2026,10,27500,1000,C:\Users\samue\Scripts\Nofis-Classifier\notebooks\models\grid_tfidf_kmeans\202501-202504_20261005T220107Z_6270ed96\char_wb_3_5_df5_max30000_k20_seed2026.pkl,C:\Users\samue\Scripts\Nofis-Classifier\notebooks\models\grid_tfidf_kmeans\202501-202504_20261005T220107Z_6270ed96\char_wb_3_5_df5_max30000_tfidf.pkl,ok,23380,0.0,25130.327049228596,23,False,20,20,276,14998,0.5453818181818182,0,0.04850657499873786,5.14894991928056,4.170481618615067,,178.375244140625,,10.3386593000032
char_wb_3_5_df5_max30000_k25_seed42,char_wb_3_5_df5_max30000,25,42,10,27500,1000,C:\Users\samue\Scripts\Nofis-Classifier\notebooks\models\grid_tfidf_kmeans\202501-202504_20261005T220107Z_6270ed96\char_wb_3_5_df5_max30000_k25_seed42.pkl,C:\Users\samue\Scripts\Nofis-Classifier\notebooks\models\grid_tfidf_kmeans\202501-202504_20261005T220107Z_6270ed96\char_wb_3_5_df5_max30000_tfidf.pkl,ok,23380,0.0,24723.648525786266,21,False,25,25,175,13132,0.47752727272727274,0,0.052934612360656955,4.720499510116924,4.086101276216245,,178.375244140625,,14.446603999938816
char_wb_3_5_df5_max30000_k25_seed123,char_wb_3_5_df5_max30000,25,123,10,27500,1000,C:\Users\samue\Scripts\Nofis-Classifier\notebooks\models\grid_tfidf_kmeans\202501-202504_20261005T220107Z_6270ed96\char_wb_3_5_df5_max30000_k25_seed123.pkl,C:\Users\samue\Scripts\Nofis-Classifier\notebooks\models\grid_tfidf_kmeans\202501-202504_20261005T220107Z_6270ed96\char_wb_3_5_df5_max30000_tfidf.pkl,ok,23380,0.0,24793.29619857065,27,False,25,25,234,13222,0.4808,0,0.046454616858537905,4.678926829772707,4.208436001395608,,178.375244140625,,14.071934100007638
char_wb_3_5_df5_max30000_k25_seed2026,char_wb_3_5_df5_max30000,25,2026,10,27500,1000,C:\Users\samue\Scripts\Nofis-Classifier\notebooks\models\grid_tfidf_kmeans\202501-202504_20261005T220107Z_6270ed96\char_wb_3_5_df5_max30000_k25_seed2026.pkl,C:\Users\samue\Scripts\Nofis-Classifier\notebooks\models\grid_tfidf_kmeans\202501-202504_20261005T220107Z_6270ed96\char_wb_3_5_df5_max30000_tfidf.pkl,ok,23380,0.0,24743.681377824047,35,False,25,25,197,12832,0.4666181818181818,0,0.0519609144050231,4.830813753836596,4.249249603686374,,178.375244140625,,16.840575800044462
char_wb_3_5_df5_max30000_k30_seed42,char_wb_3_5_df5_max30000,30,42,10,27500,1000,C:\Users\samue\Scripts\Nofis-Classifier\notebooks\models\grid_tfidf_kmeans\202501-202504_20261005T220107Z_6270ed96\char_wb_3_5_df5_max30000_k30_seed42.pkl,C:\Users\samue\Scripts\Nofis-Classifier\notebooks\models\grid_tfidf_kmeans\202501-202504_20261005T220107Z_6270ed96\char_wb_3_5_df5_max30000_tfidf.pkl,ok,23380,0.0,24446.9155041706,59,False,30,30,116,12163,0.44229090909090907,0,0.06273688173224407,4.625790416109283,3.9285972601613692,,178.375244140625,,18.465093299979344
char_wb_3_5_df5_max30000_k30_seed123,char_wb_3_5_df5_max30000,30,123,10,27500,1000,C:\Users\samue\Scripts\Nofis-Classifier\notebooks\models\grid_tfidf_kmeans\202501-202504_20261005T220107Z_6270ed96\char_wb_3_5_df5_max30000_k30_seed123.pkl,C:\Users\samue\Scripts\Nofis-Classifier\notebooks\models\grid_tfidf_kmeans\202501-202504_20261005T220107Z_6270ed96\char_wb_3_5_df5_max30000_tfidf.pkl,ok,23380,0.0,24438.54008949975,38,False,30,30,195,12569,0.45705454545454544,0,0.056877562357319285,4.49325686818463,3.9319420700940166,,178.375244140625,,19.7330748999957
char_wb_3_5_df5_max30000_k30_seed2026,char_wb_3_5_df5_max30000,30,2026,10,27500,1000,C:\Users\samue\Scripts\Nofis-Classifier\notebooks\models\grid_tfidf_kmeans\202501-202504_20261005T220107Z_6270ed96\char_wb_3_5_df5_max30000_k30_seed2026.pkl,C:\Users\samue\Scripts\Nofis-Classifier\notebooks\models\grid_tfidf_kmeans\202501-202504_20261005T220107Z_6270ed96\char_wb_3_5_df5_max30000_tfidf.pkl,ok,23380,0.0,24440.248834465863,42,False,30,30,189,12481,0.45385454545454545,0,0.05703791257993408,4.456699299848962,3.9163382780453753,,178.375244140625,,19.994892599992454
char_wb_3_5_df5_max30000_k40_seed42,char_wb_3_5_df5_max30000,40,42,10,27500,1000,C:\Users\samue\Scripts\Nofis-Classifier\notebooks\models\grid_tfidf_kmeans\202501-202504_20261005T220107Z_6270ed96\char_wb_3_5_df5_max30000_k40_seed42.pkl,C:\Users\samue\Scripts\Nofis-Classifier\notebooks\models\grid_tfidf_kmeans\202501-202504_20261005T220107Z_6270ed96\char_wb_3_5_df5_max30000_tfidf.pkl,ok,23380,0.0,23858.54073847634,56,False,40,40,173,10978,0.3992,0,0.06683978107640877,4.242864885199543,3.625828228698777,,178.375244140625,,27.02294349996373
char_wb_3_5_df5_max30000_k40_seed123,char_wb_3_5_df5_max30000,40,123,10,27500,1000,C:\Users\samue\Scripts\Nofis-Classifier\notebooks\models\grid_tfidf_kmeans\202501-202504_20261005T220107Z_6270ed96\char_wb_3_5_df5_max30000_k40_seed123.pkl,C:\Users\samue\Scripts\Nofis-Classifier\notebooks\models\grid_tfidf_kmeans\202501-202504_20261005T220107Z_6270ed96\char_wb_3_5_df5_max30000_tfidf.pkl,ok,23380,0.0,23860.42082196109,29,False,40,40,139,10933,0.39756363636363634,0,0.06861555114127407,4.273359754597122,3.682197714263927,,178.375244140625,,24.935752799967304
char_wb_3_5_df5_max30000_k40_seed2026,char_wb_3_5_df5_max30000,40,2026,10,27500,1000,C:\Users\samue\Scripts\Nofis-Classifier\notebooks\models\grid_tfidf_kmeans\202501-202504_20261005T220107Z_6270ed96\char_wb_3_5_df5_max30000_k40_seed2026.pkl,C:\Users\samue\Scripts\Nofis-Classifier\notebooks\models\grid_tfidf_kmeans\202501-202504_20261005T220107Z_6270ed96\char_wb_3_5_df5_max30000_tfidf.pkl,ok,23380,0.0,23830.536287649407,80,False,40,40,93,11110,0.404,0,0.06795227119575975,4.106227428520399,3.4937704069676783,,178.375244140625,,27.231137400027364
char_wb_3_5_df5_max30000_k60_seed42,char_wb_3_5_df5_max30000,60,42,10,27500,1000,C:\Users\samue\Scripts\Nofis-Classifier\notebooks\models\grid_tfidf_kmeans\202501-202504_20261005T220107Z_6270ed96\char_wb_3_5_df5_max30000_k60_seed42.pkl,C:\Users\samue\Scripts\Nofis-Classifier\notebooks\models\grid_tfidf_kmeans\202501-202504_20261005T220107Z_6270ed96\char_wb_3_5_df5_max30000_tfidf.pkl,ok,23380,0.0,22943.642440552645,32,False,60,60,91,8791,0.3196727272727273,0,0.08041166665504818,3.7931769348499516,3.3062864896601547,,178.375244140625,,40.34779360005632
char_wb_3_5_df5_max30000_k60_seed123,char_wb_3_5_df5_max30000,60,123,10,27500,1000,C:\Users\samue\Scripts\Nofis-Classifier\notebooks\models\grid_tfidf_kmeans\202501-202504_20261005T220107Z_6270ed96\char_wb_3_5_df5_max30000_k60_seed123.pkl,C:\Users\samue\Scripts\Nofis-Classifier\notebooks\models\grid_tfidf_kmeans\202501-202504_20261005T220107Z_6270ed96\char_wb_3_5_df5_max30000_tfidf.pkl,ok,23380,0.0,22948.19231600038,31,False,60,60,92,9203,0.3346545454545455,0,0.08834512231647165,3.8316572504855277,3.2467916524798075,,178.375244140625,,40.64714399992954
char_wb_3_5_df5_max30000_k60_seed2026,char_wb_3_5_df5_max30000,60,2026,10,27500,1000,C:\Users\samue\Scripts\Nofis-Classifier\notebooks\models\grid_tfidf_kmeans\202501-202504_20261005T220107Z_6270ed96\char_wb_3_5_df5_max30000_k60_seed2026.pkl,C:\Users\samue\Scripts\Nofis-Classifier\notebooks\models\grid_tfidf_kmeans\202501-202504_20261005T220107Z_6270ed96\char_wb_3_5_df5_max30000_tfidf.pkl,ok,23380,0.0,22846.22945430783,45,False,60,60,100,9076,0.3300363636363636,0,0.08309850147944116,3.743081027621559,3.2143000355584235,,178.375244140625,,41.70044239994604
char_wb_3_5_df5_max30000_k80_seed42,char_wb_3_5_df5_max30000,80,42,10,27500,1000,C:\Users\samue\Scripts\Nofis-Classifier\notebooks\models\grid_tfidf_kmeans\202501-202504_20261005T220107Z_6270ed96\char_wb_3_5_df5_max30000_k80_seed42.pkl,C:\Users\samue\Scripts\Nofis-Classifier\notebooks\models\grid_tfidf_kmeans\202501-202504_20261005T220107Z_6270ed96\char_wb_3_5_df5_max30000_tfidf.pkl,ok,23380,0.0,22199.94754129003,38,False,80,80,75,8061,0.29312727272727274,0,0.09583052664242578,3.4874434739734315,2.947144230536133,,178.375244140625,,58.523622300010175
char_wb_3_5_df5_max30000_k80_seed123,char_wb_3_5_df5_max30000,80,123,10,27500,1000,C:\Users\samue\Scripts\Nofis-Classifier\notebooks\models\grid_tfidf_kmeans\202501-202504_20261005T220107Z_6270ed96\char_wb_3_5_df5_max30000_k80_seed123.pkl,C:\Users\samue\Scripts\Nofis-Classifier\notebooks\models\grid_tfidf_kmeans\202501-202504_20261005T220107Z_6270ed96\char_wb_3_5_df5_max30000_tfidf.pkl,ok,23380,0.0,22237.871510588426,21,False,80,80,47,7323,0.2662909090909091,0,0.08926650214444289,3.4664611922621207,3.0492647277567735,,178.375244140625,,55.33479859994259
char_wb_3_5_df5_max30000_k80_seed2026,char_wb_3_5_df5_max30000,80,2026,10,27500,1000,C:\Users\samue\Scripts\Nofis-Classifier\notebooks\models\grid_tfidf_kmeans\202501-202504_20261005T220107Z_6270ed96\char_wb_3_5_df5_max30000_k80_seed2026.pkl,C:\Users\samue\Scripts\Nofis-Classifier\notebooks\models\grid_tfidf_kmeans\202501-202504_20261005T220107Z_6270ed96\char_wb_3_5_df5_max30000_tfidf.pkl,ok,23380,0.0,22206.763583370943,35,False,80,80,75,7669,0.27887272727272727,0,0.08847722531897449,3.4983300713033225,2.9820497614791632,,178.375244140625,,59.14862220000941
